Workbook

Sheet 06 tháng đầu năm
A1: NGÀY | B1: THÁNG | C1: VỤ CHÁY VÀ CNCH | G1: CÔNG TÁC KIỂM TRA | P1: TUYÊN TRUYỀN PCCC | U1: HUẤN LUYỆN PCCC | X1: PACC&CNCH của cơ sở theo mẫu PC06 | Z1: PACC&CNCH của CQ CA theo mẫu PC08 | AB1: PA CNCH của CQ CA theo mẫu PC09 | AD1: PACC&CNCH của phương tiện giao thông theo mẫu PC07
C2: VỤ CHÁY CÓ THỐNG KÊ | D2: SỰ CỐ LIÊN QUAN ĐẾN PCCC&CNCH | E2: VỤ CHÁY CHI VIỆN | F2: CNCH | G2: NHÓM I | H2: NHÓM II | I2: ĐỘT XUẤT | J2: HƯỚNG DẪN | K2: KIẾN NGHỊ | L2: XỬ PHẠT | M2: TIỀN PHẠT (triệu đồng) | N2: ĐÌNH CHỈ | O2: PHỤC HỒI | P2: TIN BÀI, PHÓNG SỰ | Q2: SỐ LỚP TUYÊN TRUYỀN | R2: SỐ NGƯỜI THAM DỰ | S2: SỐ KHUYẾN CÁO, TỜ RƠI ĐÃ PHÁT | T2: CÀI APP HELP 114 | U2: SỐ LỚP HUẤN LUYỆN | V2: SỐ NGƯỜI THAM DỰ | W2: CẤP GIẤY CHỨNG NHẬN HUẤN LUYỆN NGHIỆP VỤ PCCC | X2: SỐ PA XÂY DỰNG VÀ PHÊ DUYỆT | Y2: SỐ PA ĐƯỢC THỰC TẬP | Z2: SỐ PA XÂY DỰNG VÀ PHÊ DUYỆT | AA2: SỐ PA ĐƯỢC THỰC TẬP | AB2: SỐ PA XÂY DỰNG VÀ PHÊ DUYỆT | AC2: SỐ PA ĐƯỢC THỰC TẬP | AD2: SỐ PA XÂY DỰNG VÀ PHÊ DUYỆT | AE2: SỐ PA ĐƯỢC THỰC TẬP
A3: 06 tháng đầu năm | C3: 6 | D3: 0 | E3: 0 | F3: 7 | G3: 712 | I3: 57 | J3: 5360 | K3: 226 | L3: 138 | M3: 4103.7 | P3: 16 | Q3: 70 | R3: 17266 | U3: 52 | V3: 2020 | AA3: 30
B4: 7 | C4: 5 | D4: 0 | E4: 3 | F4: 0 | G4: 1 | J4: 6 | P4: 2 | Q4: 9 | R4: 2689 | S4: 2196 | T4: 297 | U4: 33 | V4: 1010 | W4: 238 | AA4: 3
B5: 8 | C5: 3 | D5: 6 | E5: 2 | F5: 1 | G5: 0 | H5: 0 | I5: 0 | J5: 0 | K5: 0 | L5: 0 | M5: 0 | N5: 0 | O5: 0 | P5: 0 | Q5: 69 | R5: 11705 | S5: 11502 | T5: 6929 | U5: 0 | V5: 0 | W5: 0 | X5: 0 | Y5: 0 | Z5: 0 | AA5: 0 | AB5: 0 | AC5: 0 | AD5: 0 | AE5: 0
B6: 9 | C6: 3 | D6: 6 | E6: 2 | F6: 1 | G6: 53 | H6: 30 | I6: 0 | J6: 0 | K6: 0 | L6: 0 | M6: 0 | N6: 0 | O6: 0 | P6: 2 | Q6: 4 | R6: 1850 | T6: 1850 | U6: 0 | V6: 0 | W6: 0 | X6: 0 | Y6: 0 | Z6: 0 | AA6: 0 | AB6: 0 | AC6: 0 | AD6: 0 | AE6: 0
B7: 10 | C7: 1 | D7: 0 | E7: 1 | F7: 1 | G7: 160 | H7: 41 | I7: 0 | J7: 1206 | K7: 0 | L7: 0 | M7: 0 | N7: 0 | O7: 0 | P7: 1 | Q7: 8 | R7: 9165 | S7: 357 | T7: 10318
B8: 11 | C8: 1 | D8: 5 | E8: 0 | F8: 0 | G8: 170 | H8: 149 | I8: 0 | J8: 1920 | K8: 0 | L8: 0 | M8: 0 | N8: 0 | O8: 0 | P8: 3 | Q8: 7 | R8: 4384 | S8: 362 | T8: 3360 | U8: 5 | V8: 307 | W8: 0 | X8: 0 | Y8: 0 | Z8: 1 | AA8: 1 | AB8: 0 | AC8: 0 | AD8: 0 | AE8: 0
B9: 12 | C9: 1 | D9: 5 | E9: 1 | F9: 2 | G9: 38 | H9: 80 | I9: 1 | J9: 758 | K9: 3 | L9: 2 | M9: 50 | N9: 0 | O9: 0 | P9: 1 | Q9: 4 | R9: 1975 | S9: 200 | T9: 200 | U9: 21 | V9: 1217 | W9: 0 | X9: 11 | Y9: 0 | Z9: 9 | AA9: 4 | AB9: 2 | AC9: 0 | AD9: 0 | AE9: 0
B10: Tổng | C10: =sum(C3:C9) -> 20 | D10: =sum(D3:D9) -> 22 | E10: =sum(E3:E9) -> 9 | F10: =sum(F3:F9) -> 12 | G10: =sum(G3:G9) -> 1134 | H10: =sum(H3:H9) -> 300 | I10: =sum(I3:I9) -> 58 | J10: =sum(J3:J9) -> 9250 | ... AE10: =sum(AE3:AE9) -> 0
F11: Từ 1/7 đến 13/11 | G11: =SUM(G5:G9) -> 421 | H11: =SUM(H5:H9) -> 300
F12: Từ 1/7 đến 13/12 | G12: =SUM(G11:H11) -> 721

Sheet BC NGÀY 1
A1: NGÀY | B1: THÁNG | C1: VỤ CHÁY VÀ CNCH | G1: CÔNG TÁC KIỂM TRA | P1: TUYÊN TRUYỀN PCCC | T1: HUẤN LUYỆN PCCC | V1: TỔNG TUYÊN TRUYỀN/HUẤN LUYỆN | X1: PACC&CNCH của cơ sở theo mẫu PC06 | Z1: PACC&CNCH của CQ CA theo mẫu PC08 | AB1: PA CNCH của CQ CA theo mẫu PC09 | AD1: PACC&CNCH của phương tiện giao thông theo mẫu PC07
C2: VỤ CHÁY CÓ THỐNG KÊ | D2: SỰ CỐ LIÊN QUAN ĐẾN PCCC&CNCH | E2: VỤ CHÁY CHI VIỆN | F2: CNCH | G2: NHÓM I | H2: NHÓM II | I2: ĐỘT XUẤT | J2: HƯỚNG DẪN | K2: KIẾN NGHỊ | L2: XỬ PHẠT | M2: TIỀN PHẠT (triệu đồng) | N2: ĐÌNH CHỈ | O2: PHỤC HỒI | P2: TIN BÀI, PHÓNG SỰ | Q2: SỐ LỚP TUYÊN TRUYỀN | R2: SỐ NGƯỜI THAM DỰ | S2: SỐ KHUYẾN CÁO, TỜ RƠI ĐÃ PHÁT | T2: SỐ LỚP HUẤN LUYỆN | U2: SỐ NGƯỜI THAM DỰ | V2: SỐ LỚP | W2: SỐ NGƯỜI THAM DỰ | X2: SỐ PA XÂY DỰNG VÀ PHÊ DUYỆT | Y2: SỐ PA ĐƯỢC THỰC TẬP | Z2: SỐ PA XÂY DỰNG VÀ PHÊ DUYỆT | AA2: SỐ PA ĐƯỢC THỰC TẬP | AB2: SỐ PA XÂY DỰNG VÀ PHÊ DUYỆT | AC2: SỐ PA ĐƯỢC THỰC TẬP | AD2: SỐ PA XÂY DỰNG VÀ PHÊ DUYỆT | AE2: SỐ PA ĐƯỢC THỰC TẬP
A3: 15 | B3: 11 | C3: 0 | D3: 1 | E3: 0 | F3: 0 | G3: 3 | H3: 5 | J3: 51 | K3: 0 | L3: 0 | M3: 0 | N3: 0 | O3: 0 | P3: 0 | Q3: 0 | R3: 0 | S3: 0 | T3: 0 | U3: 0 | V3: =Q3+T3 -> 0 | W3: =R3+U3 -> 0 | X3: =sum(G3:H3) -> 8 | Y3: 0 | Z3: 0 | AA3: 0 | AB3: 0 | AC3: 0 | AD3: 0 | AE3: 0
A4: 16 | B4: 11 | C4: 0 | D4: 0 | E4: 0 | F4: 1 | G4: 2 | H4: 7 | J4: 48 | K4: 0 | L4: 0 | M4: 0 | N4: 0 | O4: 0 | P4: 0 | Q4: 0 | R4: 0 | S4: 0 | T4: 0 | U4: 0 | V4: =Q4+T4 -> 0 | W4: =R4+U4 -> 0 | X4: =sum(G4:H4) -> 9 | Y4: 0 | Z4: 0 | AA4: 0 | AB4: 0 | AC4: 0 | AD4: 0 | AE4: 0
A5: 17 | B5: 11 | C5: 0 | D5: 0 | E5: 0 | F5: 0 | G5: 0 | H5: 0 | J5: =sum(G5:H5)*6 -> 0 | K5: 0 | L5: 0 | M5: 0 | N5: 0 | O5: 0 | P5: 0 | Q5: 0 | R5: 0 | S5: 0 | T5: 0 | U5: 0 | V5: =Q5+T5 -> 0 | W5: =R5+U5 -> 0 | X5: =sum(G5:H5) -> 0 | Y5: 0 | Z5: 0 | AA5: 0 | AB5: 0 | AC5: 0 | AD5: 0 | AE5: 0
A6: 18 | B6: 11 | C6: 0 | D6: 0 | E6: 0 | F6: 0 | G6: 1 | H6: 1 | J6: =sum(G6:H6)*6 -> 12 | K6: 0 | L6: 0 | M6: 0 | N6: 0 | O6: 0 | P6: 0 | Q6: 0 | R6: 0 | S6: 0 | T6: 0 | U6: 0 | V6: =Q6+T6 -> 0 | W6: =R6+U6 -> 0 | X6: =sum(G6:H6) -> 2 | Y6: 0 | Z6: 0 | AA6: 0 | AB6: 0 | AC6: 0 | AD6: 0 | AE6: 0
A7: 19 | B7: 11 | C7: 0 | D7: 0 | E7: 0 | F7: 0 | G7: 0 | H7: 0 | J7: =sum(G7:H7)*6 -> 0 | K7: 0 | L7: 0 | M7: 0 | N7: 0 | O7: 0 | P7: 0 | Q7: 1 | R7: 1200 | S7: 0 | T7: 0 | U7: 0 | V7: =Q7+T7 -> 1 | W7: =R7+U7 -> 1200 | X7: =sum(G7:H7) -> 0 | Y7: 0 | Z7: 0 | AA7: 0 | AB7: 0 | AC7: 0 | AD7: 0 | AE7: 0
A8: 20 | B8: 11 | C8: 0 | D8: 0 | E8: 0 | F8: 0 | G8: 0 | H8: 2 | J8: 6 | K8: 0 | L8: 0 | M8: 0 | N8: 0 | O8: 0 | P8: 0 | Q8: 0 | R8: 0 | S8: 0 | T8: 0 | U8: 0 | V8: =Q8+T8 -> 0 | W8: =R8+U8 -> 0 | X8: =sum(G8:H8) -> 2 | Y8: 0 | Z8: 0 | AA8: 0 | AB8: 0 | AC8: 0 | AD8: 0 | AE8: 0
A9: 21 | B9: 11 | C9: 0 | D9: 0 | E9: 0 | F9: 0 | G9: 2 | H9: 0 | J9: 22 | K9: 0 | L9: 0 | M9: 0 | N9: 0 | O9: 0 | P9: 0 | Q9: 0 | R9: 0 | S9: 0 | T9: 0 | U9: 0 | V9: =Q9+T9 -> 0 | W9: =R9+U9 -> 0 | X9: =sum(G9:H9) -> 2 | Y9: 0 | Z9: 0 | AA9: 0 | AB9: 0 | AC9: 0 | AD9: 0 | AE9: 0
A10: 22 | B10: 11 | C10: 0 | D10: 0 | E10: 0 | F10: 0 | G10: 0 | H10: 0 | J10: 0 | K10: 0 | L10: 0 | M10: 0 | N10: 0 | O10: 0 | P10: 0 | Q10: 0 | R10: 0 | S10: 0 | T10: 0 | U10: 0 | V10: =Q10+T10 -> 0 | W10: =R10+U10 -> 0 | X10: =sum(G10:H10) -> 0 | Y10: 0 | Z10: 0 | AA10: 0 | AB10: 0 | AC10: 0 | AD10: 0 | AE10: 0
A11: 23 | B11: 11 | C11: 1 | D11: 1 | E11: 0 | F11: 0 | G11: 0 | H11: 0 | J11: 0 | K11: 0 | L11: 0 | M11: 0 | N11: 0 | O11: 0 | P11: 0 | Q11: 0 | R11: 0 | S11: 0 | T11: 0 | U11: 0 | V11: =Q11+T11 -> 0 | W11: =R11+U11 -> 0 | X11: =sum(G11:H11) -> 0 | Y11: 0 | Z11: 0 | AA11: 0 | AB11: 0 | AC11: 0 | AD11: 0 | AE11: 0
A12: 24 | B12: 11 | C12: 0 | D12: 0 | E12: 0 | F12: 0 | G12: 0 | H12: 0 | J12: 0 | K12: 0 | L12: 0 | M12: 0 | N12: 0 | O12: 0 | P12: 0 | Q12: 0 | R12: 0 | S12: 0 | T12: 0 | U12: 0 | V12: =Q12+T12 -> 0 | W12: =R12+U12 -> 0 | X12: =sum(G12:H12) -> 0 | Y12: 0 | Z12: 0 | AA12: 0 | AB12: 0 | AC12: 0 | AD12: 0 | AE12: 0
A13: 25 | B13: 11 | C13: 0 | D13: 1 | E13: 0 | F13: 0 | G13: 0 | H13: 0 | J13: 0 | K13: 0 | L13: 0 | M13: 0 | N13: 0 | O13: 0 | P13: 0 | Q13: 0 | R13: 0 | S13: 0 | T13: 0 | U13: 0 | V13: =Q13+T13 -> 0 | W13: =R13+U13 -> 0 | X13: =sum(G13:H13) -> 0 | Y13: 0 | Z13: 0 | AA13: 0 | AB13: 0 | AC13: 0 | AD13: 0 | AE13: 0
A14: 26 | B14: 11 | C14: 0 | D14: 0 | E14: 0 | F14: 0 | G14: 1 | H14: 0 | J14: 5 | K14: 0 | L14: 0 | M14: 0 | N14: 0 | O14: 0 | P14: 0 | Q14: 0 | R14: 0 | S14: 0 | T14: 0 | U14: 0 | V14: =Q14+T14 -> 0 | W14: =R14+U14 -> 0 | X14: =sum(G14:H14) -> 1 | Y14: 0 | Z14: 0 | AA14: 0 | AB14: 0 | AC14: 0 | AD14: 0 | AE14: 0
A15: 27 | B15: 11 | C15: 0 | D15: 0 | E15: 0 | F15: 0 | G15: 0 | H15: 3 | J15: 22 | K15: 0 | L15: 0 | M15: 0 | N15: 0 | O15: 0 | P15: 0 | Q15: 0 | R15: 0 | S15: 0 | T15: 6 | U15: 310 | V15: =Q15+T15 -> 6 | W15: =R15+U15 -> 310 | X15: =sum(G15:H15) -> 3 | Y15: 0 | Z15: 0 | AA15: 0 | AB15: 0 | AC15: 0 | AD15: 0 | AE15: 0
A16: 28 | B16: 11 | C16: 0 | D16: 0 | E16: 0 | F16: 0 | G16: 1 | H16: 5 | J16: 42 | K16: 0 | L16: 0 | M16: 0 | N16: 0 | O16: 0 | P16: 1 | Q16: 0 | R16: 0 | S16: 0 | T16: 0 | U16: 0 | V16: =Q16+T16 -> 0 | W16: =R16+U16 -> 0 | X16: =sum(G16:H16) -> 6 | Y16: 0 | Z16: 0 | AA16: 0 | AB16: 0 | AC16: 0 | AD16: 0 | AE16: 0
A17: 29 | B17: 11 | C17: 0 | D17: 0 | E17: 0 | F17: 0 | G17: 1 | H17: 6 | J17: 42 | K17: 0 | L17: 0 | M17: 0 | N17: 0 | O17: 0 | P17: 0 | Q17: 1 | R17: 455 | S17: 0 | T17: 2 | U17: 51 | V17: =Q17+T17 -> 3 | W17: =R17+U17 -> 506 | X17: =sum(G17:H17) -> 7 | Y17: 0 | Z17: 0 | AA17: 0 | AB17: 0 | AC17: 0 | AD17: 0 | AE17: 0
A18: 30 | B18: 11 | C18: 0 | D18: 0 | E18: 0 | F18: 0 | G18: 0 | H18: 0 | J18: 0 | K18: 0 | L18: 0 | M18: 0 | N18: 0 | O18: 0 | P18: 0 | Q18: 1 | R18: 120 | S18: 0 | T18: 2 | U18: 61 | V18: =Q18+T18 -> 3 | W18: =R18+U18 -> 181 | X18: =sum(G18:H18) -> 0 | Y18: 0 | Z18: 1 | AA18: 1 | AB18: 0 | AC18: 0 | AD18: 0 | AE18: 0
A19: 1 | B19: 12 | C19: 0 | D19: 0 | E19: 0 | F19: 0 | G19: 0 | H19: 0 | J19: 0 | K19: 0 | L19: 0 | M19: 0 | N19: 0 | O19: 0 | P19: 0 | Q19: 0 | R19: 0 | S19: 0 | T19: 0 | U19: 0 | V19: =Q19+T19 -> 0 | W19: =R19+U19 -> 0 | X19: =sum(G19:H19) -> 0 | Y19: 0 | Z19: 0 | AA19: 0 | AB19: 0 | AC19: 0 | AD19: 0 | AE19: 0
... A27: 9 | B27: 12 | C27: 0 | D27: 1 | E27: 0 | F27: 0 | G27: 0 | H27: 0 | J27: 0 | K27: 0 | L27: 0 | M27: 0 | N27: 0 | O27: 0 | P27: 0 | Q27: 0 | R27: 0 | S27: 0 | T27: 1 | U27: 25 | V27: =Q27+T27 -> 1 | W27: =R27+U27 -> 25 | X27: =sum(G27:H27) -> 0 | Y27: 0 | Z27: 0 | AA27: 0 | AB27: 0 | AC27: 0 | AD27: 0 | AE27: 0
A28: 10 | B28: 12 | C28: 0 | D28: 1 | E28: 0 | F28: 0 | G28: 4 | H28: 8 | I28: 1 | J28: 87 | K28: 1 | L28: 1 | M28: 50 | N28: 0 | O28: 0 | P28: 0 | Q28: 0 | R28: 0 | S28: 0 | T28: 1 | U28: 25 | V28: =Q28+T28 -> 1 | W28: =R28+U28 -> 25 | X28: =sum(G28:H28) -> 12 | Y28: 0 | Z28: 1 | AA28: 1 | AB28: 0 | AC28: 0 | AD28: 0 | AE28: 0
A29: 11 | B29: 12 | C29: 0 | D29: 0 | E29: 0 | F29: 0 | G29: 10 | H29: 9 | I29: 0 | J29: 146 | K29: 0 | L29: 0 | M29: 0 | N29: 0 | O29: 0 | P29: 0 | Q29: 1 | R29: 200 | S29: 200 | T29: 3 | U29: 247 | V29: =Q29+T29 -> 4 | W29: =R29+U29 -> 447 | X29: =sum(G29:H29) -> 19 | Y29: 0 | Z29: 1 | AA29: 1 | AB29: 0 | AC29: 0 | AD29: 0 | AE29: 0
A30: 12 | B30: 12 | C30: 0 | D30: 0 | E30: 0 | F30: 0 | G30: 4 | H30: 6 | I30: 0 | J30: 45 | K30: 2 | L30: 1 | M30: 84 | N30: 0 | O30: 0 | P30: 0 | Q30: 0 | R30: 0 | S30: 0 | T30: 0 | U30: 0 | V30: =Q30+T30 -> 0 | W30: =R30+U30 -> 0 | X30: =sum(G30:H30) -> 10 | Y30: 0 | Z30: 0 | AA30: 0 | AB30: 0 | AC30: 0 | AD30: 0 | AE30: 0
A31: 13 | B31: 12 | C31: 0 | D31: 0 | E31: 0 | F31: 1 | G31: 2 | H31: 5 | I31: 0 | J31: 49 | K31: 0 | L31: 0 | M31: 0 | N31: 0 | O31: 0 | P31: 0 | Q31: 0 | R31: 0 | S31: 0 | T31: 6 | U31: 178 | V31: =Q31+T31 -> 6 | W31: =R31+U31 -> 178 | X31: 7 | Y31: 0 | Z31: 0 | AA31: 0 | AB31: 0 | AC31: 0 | AD31: 0 | AE31: 0
A32: 14 | B32: 12 | C32: 0 | D32: 0 | E32: 0 | F32: 0 | G32: 0 | H32: 0 | I32: 0 | J32: 0 | K32: 0 | L32: 0 | M32: 0 | N32: 0 | O32: 0 | P32: 0 | Q32: 0 | R32: 0 | S32: 0 | T32: 2 | U32: 173 | V32: =Q32+T32 -> 2 | W32: =R32+U32 -> 173 | X32: 0 | Y32: 0 | Z32: 0 | AA32: 0 | AB32: 0 | AC32: 0 | AD32: 0 | AE32: 0
A33: 15 | B33: 12 | C33: 0 | D33: 0 | E33: 0 | F33: 0 | G33: 0 | H33: 0 | I33: 0 | J33: 0 | K33: 0 | L33: 0 | M33: 0 | N33: 0 | O33: 0 | P33: 0 | Q33: 1 | R33: 1900 | S33: 0 | T33: 3 | U33: 166 | V33: =Q33+T33 -> 4 | W33: =R33+U33 -> 2066 | X33: 0 | Y33: 0 | Z33: 1 | AA33: 1 | AB33: 0 | AC33: 0 | AD33: 0 | AE33: 0
A34: 16 | B34: 12 | C34: 0 | D34: 0 | E34: 0 | F34: 0 | G34: 0 | H34: 0 | I34: 0 | J34: 0 | K34: 0 | L34: 0 | M34: 0 | N34: 0 | O34: 0 | P34: 0 | Q34: 0 | R34: 0 | S34: 0 | T34: 2 | U34: 60 | V34: =Q34+T34 -> 2 | W34: =R34+U34 -> 60 | X34: 0 | Y34: 0 | Z34: 1 | AA34: 1 | AB34: 0 | AC34: 0 | AD34: 0 | AE34: 0
A35: 17 | B35: 12 | C35: 0 | D35: 1 | E35: 0 | F35: 0 | G35: 4 | H35: 3 | I35: 0 | J35: 49 | K35: 1 | L35: 1 | M35: 4 | N35: 0 | O35: 0 | P35: 0 | Q35: 0 | R35: 0 | S35: 0 | T35: 2 | U35: 86 | V35: =Q35+T35 -> 2 | W35: =R35+U35 -> 86 | X35: 0 | Y35: 0 | Z35: 1 | AA35: 1 | AB35: 0 | AC35: 0 | AD35: 0 | AE35: 0
A36: 18 | B36: 12 | C36: 0 | D36: 0 | E36: 0 | F36: 0 | G36: 4 | H36: 1 | I36: 0 | J36: 61 | K36: 0 | L36: 0 | M36: 0 | N36: 0 | O36: 0 | P36: 0 | Q36: 0 | R36: 0 | S36: 0 | T36: 2 | U36: 106 | V36: =Q36+T36 -> 2 | W36: =R36+U36 -> 106 | X36: 0 | Y36: 0 | Z36: 1 | AA36: 1 | AB36: 0 | AC36: 0 | AD36: 0 | AE36: 0
A37: 19 | B37: 12 | C37: 0 | D37: 2 | E37: 0 | F37: 0 | G37: 2 | H37: 1 | I37: 0 | J37: 0 | K37: 0 | L37: 0 | M37: 0 | N37: 0 | O37: 0 | P37: 0 | Q37: 0 | R37: 0 | S37: 0 | T37: 4 | U37: 150 | V37: =Q37+T37 -> 4 | W37: =R37+U37 -> 150 | X37: =sum(G37:H37) -> 3 | Y37: =sum(G37:H37) -> 3 | Z37: 2 | AA37: 2 | AB37: 0 | AC37: 0 | AD37: 0 | AE37: 0
A38: 20 | B38: 12 | C38: 0 | D38: 0 | E38: 0 | F38: 0 | G38: 2 | H38: 4 | I38: 0 | J38: 41 | K38: 0 | L38: 0 | M38: 0 | N38: 0 | O38: 0 | P38: 0 | Q38: 0 | R38: 0 | S38: 0 | T38: 5 | U38: 136 | V38: =Q38+T38 -> 5 | W38: =R38+U38 -> 136 | X38: =sum(G38:H38) -> 6 | Y38: =sum(G38:H38) -> 6 | Z38: 1 | AA38: 1 | AB38: 0 | AC38: 0 | AD38: 0 | AE38: 0
A39: 21 | B39: 12 | C39: 0 | D39: 1 | E39: 0 | F39: 0 | G39: 0 | H39: 0 | I39: 0 | J39: 0 | K39: 0 | L39: 0 | M39: 0 | N39: 0 | O39: 0 | P39: 0 | Q39: 0 | R39: 0 | S39: 0 | T39: 9 | U39: 449 | V39: =Q39+T39 -> 9 | W39: =R39+U39 -> 449 | X39: =sum(G39:H39) -> 0 | Y39: =sum(G39:H39) -> 0 | Z39: 1 | AA39: 1 | AB39: 0 | AC39: 0 | AD39: 0 | AE39: 0
A40: 22 | B40: 12 | C40: 0 | D40: 0 | E40: 0 | F40: 0 | G40: 0 | H40: 0 | I40: 0 | J40: 0 | K40: 0 | L40: 0 | M40: 0 | N40: 0 | O40: 0 | P40: 0 | Q40: 2 | R40: 400 | S40: 100 | T40: 0 | U40: 0 | V40: =Q40+T40 -> 2 | W40: =R40+U40 -> 400 | X40: =sum(G40:H40) -> 0 | Y40: =sum(G40:H40) -> 0 | Z40: 1 | AA40: 1 | AB40: 0 | AC40: 0 | AD40: 0 | AE40: 0
A41: 23 | B41: 12 | C41: 0 | D41: 0 | E41: 1 | F41: 0 | G41: 0 | H41: 0 | I41: 0 | J41: 0 | K41: 0 | L41: 0 | M41: 0 | N41: 0 | O41: 0 | P41: 1 | Q41: 0 | R41: 0 | S41: 0 | T41: 5 | U41: 244 | V41: =Q41+T41 -> 5 | W41: =R41+U41 -> 244 | X41: =sum(G41:H41) -> 0 | Y41: =sum(G41:H41) -> 0 | Z41: 1 | AA41: 1 | AB41: 0 | AC41: 0 | AD41: 0 | AE41: 0
A42: 24 | B42: 12 | C42: 0 | D42: 1 | E42: 0 | F42: 0 | G42: 0 | H42: 0 | I42: 0 | J42: 0 | K42: 0 | L42: 0 | M42: 0 | N42: 0 | O42: 0 | P42: 0 | Q42: 0 | R42: 0 | S42: 0 | T42: 5 | U42: 210 | V42: =Q42+T42 -> 5 | W42: =R42+U42 -> 210 | X42: =sum(G42:H42) -> 0 | Y42: =sum(G42:H42) -> 0 | Z42: 1 | AA42: 1 | AB42: 0 | AC42: 0 | AD42: 0 | AE42: 0
A43: 25 | B43: 12 | C43: 0 | D43: 0 | E43: 0 | F43: 1 | G43: 0 | H43: 0 | I43: 0 | J43: 0 | K43: 0 | L43: 0 | M43: 0 | N43: 0 | O43: 0 | P43: 0 | Q43: 0 | R43: 0 | S43: 0 | T43: 3 | U43: 312 | V43: =Q43+T43 -> 3 | W43: =R43+U43 -> 312 | X43: =sum(G43:H43) -> 0 | Y43: =sum(G43:H43) -> 0 | Z43: 1 | AA43: 1 | AB43: 0 | AC43: 0 | AD43: 0 | AE43: 0
A44: 26 | B44: 12 | C44: 0 | D44: 0 | E44: 0 | F44: 0 | G44: 2 | H44: 0 | I44: 0 | J44: 18 | K44: 0 | L44: 0 | M44: 0 | N44: 0 | O44: 0 | P44: 0 | Q44: 0 | R44: 0 | S44: 0 | T44: 3 | U44: 134 | V44: =Q44+T44 -> 3 | W44: =R44+U44 -> 134 | X44: 0 | Y44: 0 | Z44: 0 | AA44: 0 | AB44: 0 | AC44: 0 | AD44: 0 | AE44: 0
A45: 27 | B45: 12 | C45: 0 | D45: 0 | E45: 0 | F45: 0 | G45: 4 | H45: 0 | I45: 0 | J45: 0 | K45: 0 | L45: 0 | M45: 0 | N45: 0 | O45: 0 | P45: 2 | Q45: 3 | R45: 1135 | S45: 0 | T45: 7 | U45: 166 | V45: =Q45+T45 -> 10 | W45: =R45+U45 -> 1301 | X45: 0 | Y45: 0 | Z45: 1 | AA45: 1 | AB45: 0 | AC45: 0 | AD45: 0 | AE45: 0
A46: 28 | B46: 12 | C46: 0 | D46: 0 | E46: 0 | F46: 0 | G46: 6 | H46: 5 | I46: 0 | J46: 0 | K46: 0 | L46: 0 | M46: 0 | N46: 0 | O46: 0 | P46: 0 | Q46: 2 | R46: 160 | S46: 0 | T46: 7 | U46: 438 | V46: =Q46+T46 -> 9 | W46: =R46+U46 -> 598 | X46: =sum(G46:H46) -> 11 | Y46: =sum(G46:H46) -> 11 | Z46: 1 | AA46: 1 | AB46: 0 | AC46: 0 | AD46: 0 | AE46: 0
A47: 29 | B47: 12 | C47: 0 | D47: 0 | E47: 0 | F47: 0 | G47: 0 | H47: 0 | I47: 0 | J47: 0 | K47: 0 | L47: 0 | M47: 0 | N47: 0 | O47: 0 | P47: 0 | Q47: 2 | R47: 458 | S47: 2100 | T47: 0 | U47: 0 | V47: =Q47+T47 -> 2 | W47: =R47+U47 -> 458 | X47: =sum(G47:H47) -> 0 | Y47: =sum(G47:H47) -> 0 | Z47: 0 | AA47: 0 | AB47: 0 | AC47: 0 | AD47: 0 | AE47: 0
A48: 30 | B48: 12 | C48: 0 | D48: 0 | E48: 0 | F48: 0 | G48: 0 | H48: 1 | I48: 0 | J48: 6 | K48: 0 | L48: 0 | M48: 0 | N48: 0 | O48: 0 | P48: 3 | Q48: 3 | R48: 235 | S48: 360 | T48: 7 | U48: 231 | V48: =Q48+T48 -> 10 | W48: =R48+U48 -> 466 | X48: =sum(G48:H48) -> 1 | Y48: =sum(G48:H48) -> 1 | Z48: 2 | AA48: 2 | AB48: 0 | AC48: 0 | AD48: 0 | AE48: 0
A49: 31 | B49: 12 | C49: 0 | D49: 1 | E49: 0 | F49: 0 | G49: 0 | H49: 1 | I49: 0 | J49: 7 | K49: 0 | L49: 0 | M49: 0 | N49: 0 | O49: 0 | P49: 2 | Q49: 5 | R49: 985 | S49: 3050 | T49: 7 | U49: 216 | V49: =Q49+T49 -> 12 | W49: =R49+U49 -> 1201 | X49: =sum(G49:H49) -> 1 | Y49: =sum(G49:H49) -> 1 | Z49: 1 | AA49: 1 | AB49: 0 | AC49: 0 | AD49: 0 | AE49: 0
A50: 1 | B50: 1 (2026) | C50: 0 | D50: 1 | E50: 0 | F50: 0 | G50: 1 | H50: 0 | I50: 0 | J50: 3 | K50: 0 | L50: 0 | M50: 0 | N50: 0 | O50: 0 | P50: 2 | Q50: 1 | R50: 200 | S50: 200 | T50: 7 | U50: 418 | V50: =Q50+T50 -> 8 | W50: =R50+U50 -> 618 | X50: =sum(G50:H50) -> 1 | Y50: =sum(G50:H50) -> 1 | Z50: 0 | AA50: 0 | AB50: 0 | AC50: 0 | AD50: 0 | AE50: 0
A51: 2 | B51: 1 | C51: 0 | D51: 0 | E51: 0 | F51: 0 | G51: 0 | H51: 0 | I51: 0 | J51: 0 | K51: 0 | L51: 0 | M51: 0 | N51: 0 | O51: 0 | P51: 0 | Q51: 0 | R51: 0 | S51: 0 | T51: 0 | U51: 0 | V51: =Q51+T51 -> 0 | W51: =R51+U51 -> 0 | X51: 0 | Y51: 0 | Z51: 0 | AA51: 0 | AB51: 0 | AC51: 0 | AD51: 0 | AE51: 0
A52: 3 | B52: 1 | C52: 0 | D52: 0 | E52: 0 | F52: 0 | G52: 0 | H52: 0 | I52: 0 | J52: 0 | K52: 0 | L52: 0 | M52: 0 | N52: 0 | O52: 0 | P52: 0 | Q52: 0 | R52: 0 | S52: 0 | T52: 2 | U52: 95 | V52: =Q52+T52 -> 2 | W52: =R52+U52 -> 95 | X52: 0 | Y52: 0 | Z52: 0 | AA52: 0 | AB52: 0 | AC52: 0 | AD52: 0 | AE52: 0
A53: 4 | B53: 1 | C53: 0 | D53: 0 | E53: 0 | F53: 0 | G53: 0 | H53: 0 | I53: 0 | J53: 0 | K53: 0 | L53: 0 | M53: 0 | N53: 0 | O53: 0 | P53: 0 | Q53: 0 | R53: 0 | S53: 0 | T53: 3 | U53: 65 | V53: =Q53+T53 -> 3 | W53: =R53+U53 -> 65 | X53: 0 | Y53: 0 | Z53: 0 | AA53: 0 | AB53: 0 | AC53: 0 | AD53: 0 | AE53: 0
A54: 5 | B54: 1 | C54: 0 | D54: 2 | E54: 0 | F54: 0 | G54: 0 | H54: 0 | I54: 0 | J54: 0 | K54: 0 | L54: 0 | M54: 0 | N54: 0 | O54: 0 | P54: 0 | Q54: 0 | R54: 0 | S54: 0 | T54: 1 | U54: 20 | V54: =Q54+T54 -> 1 | W54: =R54+U54 -> 20 | X54: 0 | Y54: 0 | Z54: 0 | AA54: 0 | AB54: 0 | AC54: 0 | AD54: 0 | AE54: 0
A55: 6 | B55: 1 | C55: 0 | D55: 0 | E55: 1 | F55: 0 | G55: 11 | H55: 1 | I55: 1 | J55: 93 | K55: 1 | L55: 1 | M55: 50 | N55: 0 | O55: 0 | P55: 1 | Q55: 0 | R55: 0 | S55: 0 | T55: 3 | U55: 105 | V55: =Q55+T55 -> 3 | W55: =R55+U55 -> 105 | X55: =sum(G55:H55) -> 12 | Y55: =sum(G55:H55) -> 12 | Z55: 0 | AA55: 0 | AB55: 0 | AC55: 0 | AD55: 0 | AE55: 0
A56: 7 | B56: 1 | C56: 0 | D56: 0 | E56: 0 | F56: 0 | G56: 5 | H56: 6 | I56: 0 | J56: 79 | K56: 0 | L56: 0 | M56: 0 | N56: 0 | O56: 0 | P56: 0 | Q56: 2 | R56: 140 | S56: 140 | T56: 2 | U56: 50 | V56: =Q56+T56 -> 4 | W56: =R56+U56 -> 190 | X56: =sum(G56:H56) -> 11 | Y56: =sum(G56:H56) -> 11 | Z56: 0 | AA56: 0 | AB56: 0 | AC56: 0 | AD56: 0 | AE56: 0
A57: 8 | B57: 1 | C57: 0 | D57: 3 | E57: 0 | F57: 0 | G57: 13 | H57: 7 | I57: 0 | J57: 138 | K57: 0 | L57: 0 | M57: 0 | N57: 0 | O57: 0 | P57: 0 | Q57: 0 | R57: 0 | S57: 0 | T57: 2 | U57: 50 | V57: =Q57+T57 -> 2 | W57: =R57+U57 -> 50 | X57: =sum(G57:H57) -> 20 | Y57: =sum(G57:H57) -> 20 | Z57: 0 | AA57: 0 | AB57: 0 | AC57: 0 | AD57: 0 | AE57: 0
A58: 9 | B58: 1 | C58: 0 | D58: 0 | E58: 0 | F58: 1 | G58: 12 | H58: 7 | I58: 0 | J58: 150 | K58: 0 | L58: 0 | M58: 0 | N58: 0 | O58: 0 | P58: 0 | Q58: 0 | R58: 0 | S58: 0 | T58: 4 | U58: 111 | V58: =Q58+T58 -> 4 | W58: =R58+U58 -> 111 | X58: =sum(G58:H58) -> 19 | Y58: =sum(G58:H58) -> 19 | Z58: 0 | AA58: 0 | AB58: 0 | AC58: 0 | AD58: 0 | AE58: 0
A59: 10 | B59: 1 | C59: 0 | D59: 0 | E59: 0 | F59: 0 | G59: 13 | H59: 4 | I59: 0 | J59: 128 | K59: 0 | L59: 0 | M59: 0 | N59: 0 | O59: 0 | P59: 0 | Q59: 1 | R59: 150 | S59: 150 | T59: 1 | U59: 25 | V59: =Q59+T59 -> 2 | W59: =R59+U59 -> 175 | X59: =sum(G59:H59) -> 17 | Y59: =sum(G59:H59) -> 17 | Z59: 0 | AA59: 0 | AB59: 0 | AC59: 0 | AD59: 0 | AE59: 0
A60: 11 | B60: 1 | C60: 0 | D60: 0 | E60: 0 | F60: 0 | G60: 3 | H60: 3 | I60: 0 | J60: 54 | K60: 0 | L60: 0 | M60: 0 | N60: 0 | O60: 0 | P60: 0 | Q60: 0 | R60: 0 | S60: 0 | T60: 4 | U60: 150 | V60: =Q60+T60 -> 4 | W60: =R60+U60 -> 150 | X60: =sum(G60:H60) -> 6 | Y60: =sum(G60:H60) -> 6 | Z60: 0 | AA60: 0 | AB60: 0 | AC60: 0 | AD60: 0 | AE60: 0
A61: 12 | B61: 1 | C61: 0 | D61: 0 | E61: 0 | F61: 0 | G61: 0 | H61: 0 | I61: 0 | J61: 0 | K61: 0 | L61: 0 | M61: 0 | N61: 0 | O61: 0 | P61: 0 | Q61: 0 | R61: 0 | S61: 0 | T61: 1 | U61: 39 | V61: =Q61+T61 -> 1 | W61: =R61+U61 -> 39 | X61: =sum(G61:H61) -> 0 | Y61: =sum(G61:H61) -> 0 | Z61: 0 | AA61: 0 | AB61: 0 | AC61: 0 | AD61: 0 | AE61: 0
A62: 13 | B62: 1 | C62: 0 | D62: 1 | E62: 0 | F62: 0 | G62: 10 | H62: 4 | I62: 0 | J62: 75 | K62: 0 | L62: 0 | M62: 0 | N62: 0 | O62: 0 | P62: 0 | Q62: 0 | R62: 0 | S62: 0 | T62: 0 | U62: 0 | V62: =Q62+T62 -> 0 | W62: =R62+U62 -> 0 | X62: =sum(G62:H62) -> 14 | Y62: =sum(G62:H62) -> 14 | Z62: 0 | AA62: 0 | AB62: 0 | AC62: 0 | AD62: 0 | AE62: 0
A63: 14 | B63: 1 | C63: 0 | D63: 2 | E63: 0 | F63: 0 | G63: 23 | H63: 3 | I63: 1 | J63: 185 | K63: 3 | L63: 3 | M63: 58 | N63: 0 | O63: 0 | P63: 0 | Q63: 1 | R63: 100 | S63: 100 | T63: 3 | U63: 99 | V63: =Q63+T63 -> 4 | W63: =R63+U63 -> 199 | X63: 25 | Y63: 25 | Z63: 1 | AA63: 1 | AB63: 0 | AC63: 0 | AD63: 0 | AE63: 0
A64: 15 | B64: 1 | C64: 0 | D64: 0 | E64: 0 | F64: 0 | G64: 17 | H64: 2 | I64: 0 | J64: 131 | K64: 0 | L64: 0 | M64: 0 | N64: 0 | O64: 0 | P64: 0 | Q64: 1 | R64: 40 | S64: 40 | T64: 3 | U64: 76 | V64: =Q64+T64 -> 4 | W64: =R64+U64 -> 116 | X64: =sum(G64:H64) -> 19 | Y64: =sum(G64:H64) -> 19 | Z64: 1 | AA64: 1 | AB64: 0 | AC64: 0 | AD64: 0 | AE64: 0
A65: 16 | B65: 1 | C65: 0 | D65: 1 | E65: 0 | F65: 0 | G65: 17 | H65: 6 | I65: 0 | J65: 149 | K65: 1 | L65: 1 | M65: 4 | N65: 0 | O65: 0 | P65: 0 | Q65: 2 | R65: 146 | S65: 146 | T65: 2 | U65: 68 | V65: =Q65+T65 -> 4 | W65: =R65+U65 -> 214 | X65: =sum(G65:H65) -> 23 | Y65: =sum(G65:H65) -> 23 | Z65: 1 | AA65: 1 | AB65: 0 | AC65: 0 | AD65: 0 | AE65: 0
A66: 17 | B66: 1 | C66: 0 | D66: 0 | E66: 0 | F66: 0 | G66: 12 | H66: 2 | I66: 0 | J66: 89 | K66: 0 | L66: 0 | M66: 0 | N66: 0 | O66: 0 | P66: 0 | Q66: 0 | R66: 0 | S66: 0 | T66: 4 | U66: 113 | V66: =Q66+T66 -> 4 | W66: =R66+U66 -> 113 | X66: =sum(G66:H66) -> 14 | Y66: =sum(G66:H66) -> 14 | Z66: 1 | AA66: 1 | AB66: 0 | AC66: 0 | AD66: 0 | AE66: 0
A67: 18 | B67: 1 | C67: 1 | D67: 0 | E67: 0 | F67: 0 | G67: 4 | H67: 2 | I67: 0 | J67: 57 | K67: 0 | L67: 0 | M67: 0 | N67: 0 | O67: 0 | P67: 0 | Q67: 0 | R67: 0 | S67: 0 | T67: 7 | U67: 425 | V67: =Q67+T67 -> 7 | W67: =R67+U67 -> 425 | X67: =sum(G67:H67) -> 6 | Y67: =sum(G67:H67) -> 6 | Z67: 2 | AA67: 2 | AB67: 0 | AC67: 0 | AD67: 0 | AE67: 0
A68: 19 | B68: 1 | C68: 0 | D68: 2 | E68: 0 | F68: 0 | G68: 0 | H68: 0 | I68: 0 | J68: 0 | K68: 0 | L68: 0 | M68: 0 | N68: 0 | O68: 0 | P68: 0 | Q68: 0 | R68: 0 | S68: 0 | T68: 1 | U68: 35 | V68: =Q68+T68 -> 1 | W68: =R68+U68 -> 35 | X68: =sum(G68:H68) -> 0 | Y68: =sum(G68:H68) -> 0 | Z68: 0 | AA68: 0 | AB68: 0 | AC68: 0 | AD68: 0 | AE68: 0
A69: 20 | B69: 1 | C69: 0 | D69: 1 | E69: 0 | F69: 0 | G69: 8 | H69: 2 | I69: 0 | J69: 81 | K69: 0 | L69: 0 | M69: 0 | N69: 0 | O69: 0 | P69: 1 | Q69: 2 | R69: 1600 | S69: 1600 | T69: 3 | U69: 75 | V69: =Q69+T69 -> 5 | W69: =R69+U69 -> 1675 | X69: =sum(G69:H69) -> 10 | Y69: =sum(G69:H69) -> 10 | Z69: 1 | AA69: 1 | AB69: 0 | AC69: 0 | AD69: 0 | AE69: 0
A70: 21 | B70: 1 | C70: 0 | D70: 0 | E70: 0 | F70: 1 | G70: 12 | H70: 2 | J70: 118 | K70: 0 | L70: 0 | M70: 0 | N70: 0 | O70: 0 | P70: 0 | Q70: 0 | R70: 0 | S70: 0 | T70: 3 | U70: 79 | V70: =Q70+T70 -> 3 | W70: =R70+U70 -> 79 | X70: =sum(G70:H70) -> 14 | Y70: =sum(G70:H70) -> 14 | Z70: 1 | AA70: 1 | AB70: 0 | AC70: 0 | AD70: 0 | AE70: 0
A71: 22 | B71: 1 | C71: 0 | D71: 2 | E71: 0 | F71: 0 | G71: 12 | H71: 5 | I71: 0 | J71: 116 | K71: 0 | L71: 0 | M71: 0 | N71: 0 | O71: 0 | P71: 0 | Q71: 0 | R71: 0 | S71: 0 | T71: 3 | U71: 89 | V71: =Q71+T71 -> 3 | W71: =R71+U71 -> 89 | X71: =sum(G71:H71) -> 17 | Y71: =sum(G71:H71) -> 17 | Z71: 2 | AA71: 2 | AB71: 0 | AC71: 0 | AD71: 0 | AE71: 0
A72: 23 | B72: 1 | C72: 0 | D72: 2 | E72: 0 | F72: 0 | G72: 0 | H72: 0 | I72: 0 | J72: 0 | K72: 0 | L72: 0 | M72: 0 | N72: 0 | O72: 0 | P72: 0 | Q72: 0 | R72: 0 | S72: 0 | T72: 3 | U72: 379 | V72: =Q72+T72 -> 3 | W72: =R72+U72 -> 379 | X72: =sum(G72:H72) -> 0 | Y72: =sum(G72:H72) -> 0 | Z72: 0 | AA72: 0 | AB72: 0 | AC72: 0 | AD72: 0 | AE72: 0
A73: 24 | B73: 1 | C73: 0 | D73: 2 | E73: 0 | F73: 0 | G73: 5 | H73: 0 | I73: 0 | J73: 31 | K73: 0 | L73: 0 | M73: 0 | N73: 0 | O73: 0 | P73: 0 | Q73: 0 | R73: 0 | S73: 0 | T73: 4 | U73: 109 | V73: =Q73+T73 -> 4 | W73: =R73+U73 -> 109 | X73: =sum(G73:H73) -> 5 | Y73: =sum(G73:H73) -> 5 | Z73: 3 | AA73: 3 | AB73: 0 | AC73: 0 | AD73: 0 | AE73: 0
A74: 25 | B74: 1 | C74: 0 | D74: 2 | E74: 0 | F74: 0 | G74: 2 | H74: 0 | I74: 0 | J74: 19 | K74: 1 | L74: 1 | M74: 4 | N74: 0 | O74: 0 | P74: 0 | Q74: 0 | R74: 0 | S74: 0 | T74: 4 | U74: 207 | V74: =Q74+T74 -> 4 | W74: =R74+U74 -> 207 | X74: =sum(G74:H74) -> 2 | Y74: =sum(G74:H74) -> 2 | Z74: 1 | AA74: 1 | AB74: 0 | AC74: 0 | AD74: 0 | AE74: 0
A75: 26 | B75: 1 | C75: 0 | D75: 1 | E75: 0 | F75: 0 | G75: 0 | H75: 0 | I75: 0 | J75: 0 | K75: 0 | L75: 0 | M75: 0 | N75: 0 | O75: 0 | P75: 0 | Q75: 0 | R75: 0 | S75: 0 | T75: 0 | U75: 0 | V75: =Q75+T75 -> 0 | W75: =R75+U75 -> 0 | X75: =sum(G75:H75) -> 0 | Y75: =sum(G75:H75) -> 0 | Z75: 0 | AA75: 0 | AB75: 0 | AC75: 0 | AD75: 0 | AE75: 0
A76: 27 | B76: 1 | C76: 0 | D76: 2 | E76: 0 | F76: 0 | G76: 1 | H76: 0 | I76: 0 | J76: 5 | K76: 0 | L76: 0 | M76: 0 | N76: 0 | O76: 0 | P76: 0 | Q76: 1 | R76: 950 | S76: 950 | T76: 3 | U76: 80 | V76: =Q76+T76 -> 4 | W76: =R76+U76 -> 1030 | X76: =sum(G76:H76) -> 1 | Y76: =sum(G76:H76) -> 1 | Z76: 0 | AA76: 0 | AB76: 0 | AC76: 0 | AD76: 0 | AE76: 0
A77: 28 | B77: 1 | C77: 0 | D77: 0 | E77: 0 | F77: 0 | G77: 8 | H77: 4 | I77: 0 | J77: 98 | K77: 1 | L77: 1 | M77: 10 | N77: 0 | O77: 0 | P77: 1 | Q77: 1 | R77: 500 | S77: 500 | T77: 2 | U77: 49 | V77: =Q77+T77 -> 3 | W77: =R77+U77 -> 549 | X77: =sum(G77:H77) -> 12 | Y77: =sum(G77:H77) -> 12 | Z77: 1 | AA77: 1 | AB77: 0 | AC77: 0 | AD77: 0 | AE77: 0
A78: 29 | B78: 1 | C78: 0 | D78: 2 | E78: 0 | F78: 0 | G78: 12 | H78: 6 | I78: 1 | J78: 161 | K78: 1 | L78: 1 | M78: 25 | N78: 0 | O78: 0 | P78: 0 | Q78: 0 | R78: 0 | S78: 0 | T78: 1 | U78: 30 | V78: =Q78+T78 -> 1 | W78: =R78+U78 -> 30 | X78: =sum(G78:H78)-I78 -> 17 | Y78: =sum(G78:H78)-I78 -> 17 | Z78: 1 | AA78: 1 | AB78: 0 | AC78: 0 | AD78: 0 | AE78: 0
A79: 30 | B79: 1 | C79: 0 | D79: 1 | E79: 0 | F79: 0 | G79: 3 | H79: 5 | I79: 0 | J79: 57 | K79: 0 | L79: 0 | M79: 0 | N79: 0 | O79: 0 | P79: 0 | Q79: 0 | R79: 0 | S79: 0 | T79: 2 | U79: 70 | V79: =Q79+T79 -> 2 | W79: =R79+U79 -> 70 | X79: =sum(G79:H79) -> 8 | Y79: =sum(G79:H79) -> 8 | Z79: 0 | AA79: 0 | AB79: 0 | AC79: 0 | AD79: 0 | AE79: 0
A80: 31 | B80: 1 | C80: 0 | D80: 2 | E80: 0 | F80: 0 | G80: 12 | H80: 5 | I80: 0 | J80: 139 | K80: 1 | L80: 1 | M80: 4 | N80: 0 | O80: 0 | P80: 0 | Q80: 0 | R80: 0 | S80: 0 | T80: 4 | U80: 311 | V80: =Q80+T80 -> 4 | W80: =R80+U80 -> 311 | X80: =sum(G80:H80) -> 17 | Y80: =sum(G80:H80) -> 17 | Z80: 1 | AA80: 1 | AB80: 0 | AC80: 0 | AD80: 0 | AE80: 0
A81: 1 | B81: 2 | C81: 1 | D81: 4 | E81: 0 | F81: 0 | G81: 3 | H81: 0 | I81: 0 | J81: 30 | K81: 0 | L81: 0 | M81: 0 | N81: 0 | O81: 0 | P81: 0 | Q81: 0 | R81: 0 | S81: 0 | T81: 4 | U81: 323 | V81: =Q81+T81 -> 4 | W81: =R81+U81 -> 323 | X81: =sum(G81:H81) -> 3 | Y81: =sum(G81:H81) -> 3 | Z81: 1 | AA81: 1 | AB81: 0 | AC81: 0 | AD81: 0 | AE81: 0
A82: 2 | B82: 2 | C82: 0 | D82: 1 | E82: 0 | F82: 0 | G82: 0 | H82: 0 | I82: 0 | J82: 0 | K82: 0 | L82: 0 | M82: 0 | N82: 0 | O82: 0 | P82: 0 | Q82: 0 | R82: 0 | S82: 0 | T82: 0 | U82: 0 | V82: =Q82+T82 -> 0 | W82: =R82+U82 -> 0 | X82: =sum(G82:H82) -> 0 | Y82: =sum(G82:H82) -> 0 | Z82: 1 | AA82: 1 | AB82: 0 | AC82: 0 | AD82: 0 | AE82: 0
A83: 3 | B83: 2 | C83: 0 | D83: 2 | E83: 1 | F83: 0 | G83: 5 | H83: 5 | I83: 0 | J83: 81 | K83: 1 | L83: 1 | M83: 4 | N83: 0 | O83: 0 | P83: 0 | Q83: 0 | R83: 0 | S83: 0 | T83: 0 | U83: 0 | V83: =Q83+T83 -> 0 | W83: =R83+U83 -> 0 | X83: =sum(G83:H83) -> 10 | Y83: =sum(G83:H83) -> 10 | Z83: 1 | AA83: 1 | AB83: 0 | AC83: 0 | AD83: 0 | AE83: 0
A84: 4 | B84: 2 | C84: 0 | D84: 2 | E84: 0 | F84: 0 | G84: 16 | H84: 4 | I84: 0 | J84: 134 | K84: 0 | L84: 0 | M84: 0 | N84: 0 | O84: 0 | P84: 0 | Q84: 0 | R84: 0 | S84: 0 | T84: 1 | U84: 25 | V84: =Q84+T84 -> 1 | W84: =R84+U84 -> 25 | X84: =sum(G84:H84) -> 20 | Y84: =sum(G84:H84) -> 20 | Z84: 0 | AA84: 0 | AB84: 0 | AC84: 0 | AD84: 0 | AE84: 0
A85: 5 | B85: 2 | C85: 0 | D85: 4 | E85: 0 | F85: 0 | G85: 19 | H85: 5 | I85: 0 | J85: 170 | K85: 0 | L85: 0 | M85: 0 | N85: 0 | O85: 0 | P85: 0 | Q85: 0 | R85: 0 | S85: 0 | T85: 0 | U85: 0 | V85: =Q85+T85 -> 0 | W85: =R85+U85 -> 0 | X85: =sum(G85:H85) -> 24 | Y85: =sum(G85:H85) -> 24 | Z85: 0 | AA85: 0 | AB85: 0 | AC85: 0 | AD85: 0 | AE85: 0
A86: 6 | B86: 2 | C86: 0 | D86: 0 | E86: 0 | F86: 0 | G86: 10 | H86: 5 | I86: 1 | J86: 96 | K86: 3 | L86: 3 | M86: 44 | N86: 0 | O86: 0 | P86: 0 | Q86: 1 | R86: 80 | S86: 80 | T86: 0 | U86: 0 | V86: =Q86+T86 -> 1 | W86: =R86+U86 -> 80 | X86: =sum(G86:H86)-I86 -> 14 | Y86: =sum(G86:H86)-I86 -> 14 | Z86: 0 | AA86: 0 | AB86: 0 | AC86: 0 | AD86: 0 | AE86: 0
A87: 7 | B87: 2 | C87: 0 | D87: 2 | E87: 0 | F87: 0 | G87: 17 | H87: 6 | I87: 2 | J87: 142 | K87: 2 | L87: 2 | M87: 75 | N87: 0 | O87: 0 | P87: 0 | Q87: 0 | R87: 0 | S87: 0 | T87: 1 | U87: 20 | V87: =Q87+T87 -> 1 | W87: =R87+U87 -> 20 | X87: =sum(G87:H87)-I87 -> 21 | Y87: =sum(G87:H87)-I87 -> 21 | Z87: 2 | AA87: 2 | AB87: 0 | AC87: 0 | AD87: 0 | AE87: 0
A88: 8 | B88: 2 | C88: 0 | D88: 1 | E88: 0 | F88: 0 | G88: 3 | H88: 3 | I88: 0 | J88: 27 | K88: 0 | L88: 0 | M88: 0 | N88: 0 | O88: 0 | P88: 0 | Q88: 1 | R88: 900 | S88: 900 | T88: 2 | U88: 185 | V88: =Q88+T88 -> 3 | W88: =R88+U88 -> 1085 | X88: =sum(G88:H88) -> 6 | Y88: =sum(G88:H88) -> 6 | Z88: 3 | AA88: 3 | AB88: 0 | AC88: 0 | AD88: 0 | AE88: 0
A89: 9 | B89: 2 | C89: 0 | D89: 1 | E89: 0 | F89: 0 | G89: 0 | H89: 0 | I89: 0 | J89: 0 | K89: 0 | L89: 0 | M89: 0 | N89: 0 | O89: 0 | P89: 0 | Q89: 0 | R89: 0 | S89: 0 | T89: 0 | U89: 0 | V89: =Q89+T89 -> 0 | W89: =R89+U89 -> 0 | X89: =sum(G89:H89) -> 0 | Y89: =sum(G89:H89) -> 0 | Z89: 0 | AA89: 0 | AB89: 0 | AC89: 0 | AD89: 0 | AE89: 0
A90: 10 | B90: 2 | C90: 0 | D90: 1 | E90: 0 | F90: 0 | G90: 2 | H90: 1 | I90: 0 | J90: 23 | K90: 0 | L90: 0 | M90: 0 | N90: 0 | O90: 0 | P90: 2 | Q90: 1 | R90: 400 | S90: 400 | T90: 0 | U90: 0 | V90: =Q90+T90 -> 1 | W90: =R90+U90 -> 400 | X90: =sum(G90:H90) -> 3 | Y90: =sum(G90:H90) -> 3 | Z90: 0 | AA90: 0 | AB90: 0 | AC90: 0 | AD90: 0 | AE90: 0
A91: 11 | B91: 2 | C91: 0 | D91: 1 | E91: 0 | F91: 0 | G91: 5 | H91: 3 | I91: 0 | J91: 42 | K91: 0 | L91: 0 | M91: 0 | N91: 0 | O91: 0 | P91: 2 | Q91: 1 | R91: 1085 | S91: 1085 | T91: 0 | U91: 0 | V91: =Q91+T91 -> 1 | W91: =R91+U91 -> 1085 | X91: =sum(G91:H91) -> 8 | Y91: =sum(G91:H91) -> 8 | Z91: 0 | AA91: 0 | AB91: 0 | AC91: 0 | AD91: 0 | AE91: 0
A92: 12 | B92: 2 | C92: 0 | D92: 0 | E92: 0 | F92: 0 | G92: 1 | H92: 0 | I92: 0 | J92: 6 | K92: 0 | L92: 0 | M92: 0 | N92: 0 | O92: 0 | P92: 1 | Q92: 0 | R92: 0 | S92: 0 | T92: 0 | U92: 0 | V92: =Q92+T92 -> 0 | W92: =R92+U92 -> 0 | X92: =sum(G92:H92) -> 1 | Y92: =sum(G92:H92) -> 1 | Z92: 0 | AA92: 0 | AB92: 0 | AC92: 0 | AD92: 0 | AE92: 0
A93: 13 | B93: 2 | C93: 0 | D93: 0 | E93: 0 | F93: 0 | G93: 0 | H93: 2 | I93: 0 | J93: 10 | K93: 0 | L93: 0 | M93: 0 | N93: 0 | O93: 0 | P93: 0 | Q93: 2 | R93: 214 | S93: 214 | T93: 0 | U93: 0 | V93: =Q93+T93 -> 2 | W93: =R93+U93 -> 214 | X93: 2 | Y93: 2 | Z93: 0 | AA93: 0 | AB93: 0 | AC93: 0 | AD93: 0 | AE93: 0
A94: 14 | B94: 2 | C94: 0 | D94: 0 | E94: 0 | F94: 0 | G94: 0 | H94: 0 | I94: 0 | J94: 0 | K94: 0 | L94: 0 | M94: 0 | N94: 0 | O94: 0 | P94: 0 | Q94: 1 | R94: 258 | S94: 258 | T94: 0 | U94: 0 | V94: =Q94+T94 -> 1 | W94: =R94+U94 -> 258 | X94: =sum(G94:H94) -> 0 | Y94: =sum(G94:H94) -> 0 | Z94: 0 | AA94: 0 | AB94: 0 | AC94: 0 | AD94: 0 | AE94: 0
A95: 15 | B95: 2 | C95: 0 | D95: 3 | E95: 0 | F95: 0 | G95: 0 | H95: 0 | I95: 0 | J95: 0 | K95: 0 | L95: 0 | M95: 0 | N95: 0 | O95: 0 | P95: 0 | Q95: 0 | R95: 0 | S95: 0 | T95: 0 | U95: 0 | V95: =Q95+T95 -> 0 | W95: =R95+U95 -> 0 | X95: =sum(G95:H95) -> 0 | Y95: =sum(G95:H95) -> 0 | Z95: 0 | AA95: 0 | AB95: 0 | AC95: 0 | AD95: 0 | AE95: 0
A96: 16 | B96: 2 | C96: 0 | D96: 1 | E96: 0 | F96: 0 | G96: 0 | H96: 0 | I96: 0 | J96: 0 | K96: 0 | L96: 0 | M96: 0 | N96: 0 | O96: 0 | P96: 0 | Q96: 0 | R96: 0 | S96: 0 | T96: 0 | U96: 0 | V96: =Q96+T96 -> 0 | W96: =R96+U96 -> 0 | X96: =sum(G96:H96) -> 0 | Y96: =sum(G96:H96) -> 0 | Z96: 0 | AA96: 0 | AB96: 0 | AC96: 0 | AD96: 0 | AE96: 0
A97: 17 | B97: 2 | C97: 0 | D97: 1 | E97: 0 | F97: 0 | G97: 0 | H97: 0 | I97: 0 | J97: 0 | K97: 0 | L97: 0 | M97: 0 | N97: 0 | O97: 0 | P97: 0 | Q97: 0 | R97: 0 | S97: 0 | T97: 0 | U97: 0 | V97: =Q97+T97 -> 0 | W97: =R97+U97 -> 0 | X97: =sum(G97:H97) -> 0 | Y97: =sum(G97:H97) -> 0 | Z97: 0 | AA97: 0 | AB97: 0 | AC97: 0 | AD97: 0 | AE97: 0
A98: 18 | B98: 2 | C98: 0 | D98: 0 | E98: 0 | F98: 0 | G98: 0 | H98: 0 | I98: 0 | J98: 0 | K98: 0 | L98: 0 | M98: 0 | N98: 0 | O98: 0 | P98: 0 | Q98: 0 | R98: 0 | S98: 0 | T98: 0 | U98: 0 | V98: =Q98+T98 -> 0 | W98: =R98+U98 -> 0 | X98: =sum(G98:H98) -> 0 | Y98: =sum(G98:H98) -> 0 | Z98: 0 | AA98: 0 | AB98: 0 | AC98: 0 | AD98: 0 | AE98: 0
A99: 19 | B99: 2 | C99: 0 | D99: 1 | E99: 0 | F99: 0 | G99: 0 | H99: 0 | I99: 0 | J99: 0 | K99: 0 | L99: 0 | M99: 0 | N99: 0 | O99: 0 | P99: 0 | Q99: 0 | R99: 0 | S99: 0 | T99: 0 | U99: 0 | V99: =Q99+T99 -> 0 | W99: =R99+U99 -> 0 | X99: =sum(G99:H99) -> 0 | Y99: =sum(G99:H99) -> 0 | Z99: 0 | AA99: 0 | AB99: 0 | AC99: 0 | AD99: 0 | AE99: 0
A100: 20 | B100: 2 | C100: 0 | D100: 1 | E100: 0 | F100: 0 | G100: 0 | H100: 0 | I100: 0 | J100: 0 | K100: 0 | L100: 0 | M100: 0 | N100: 0 | O100: 0 | P100: 0 | Q100: 0 | R100: 0 | S100: 0 | T100: 0 | U100: 0 | V100: =Q100+T100 -> 0 | W100: =R100+U100 -> 0 | X100: =sum(G100:H100) -> 0 | Y100: =sum(G100:H100) -> 0 | Z100: 0 | AA100: 0 | AB100: 0 | AC100: 0 | AD100: 0 | AE100: 0
A101: 21 | B101: 2 | C101: 1 | D101: 0 | E101: 0 | F101: 0 | G101: 0 | H101: 0 | I101: 0 | J101: 0 | K101: 0 | L101: 0 | M101: 0 | N101: 0 | O101: 0 | P101: 0 | Q101: 0 | R101: 0 | S101: 0 | T101: 0 | U101: 0 | V101: =Q101+T101 -> 0 | W101: =R101+U101 -> 0 | X101: =sum(G101:H101) -> 0 | Y101: =sum(G101:H101) -> 0 | Z101: 0 | AA101: 0 | AB101: 0 | AC101: 0 | AD101: 0 | AE101: 0
A102: 22 | B102: 2 | C102: 0 | D102: 0 | E102: 0 | F102: 0 | G102: 0 | H102: 0 | I102: 0 | J102: 0 | K102: 0 | L102: 0 | M102: 0 | N102: 0 | O102: 0 | P102: 0 | Q102: 0 | R102: 0 | S102: 0 | T102: 0 | U102: 0 | V102: 0 | W102: 0 | X102: 0 | Y102: 0 | Z102: 0 | AA102: 0 | AB102: 0 | AC102: 0 | AD102: 0 | AE102: 0
A103: 23 | B103: 2 | C103: 0 | D103: 0 | E103: 0 | F103: 0 | G103: 0 | H103: 2 | I103: 0 | J103: 8 | K103: 0 | L103: 0 | M103: 0 | N103: 0 | O103: 0 | P103: 0 | Q103: 0 | R103: 0 | S103: 0 | T103: 0 | U103: 0 | V103: 0 | W103: 0 | X103: 0 | Y103: 0 | Z103: 0 | AA103: 0 | AB103: 0 | AC103: 0 | AD103: 0 | AE103: 0
A104: 24 | B104: 2 | C104: 0 | D104: 1 | E104: 0 | F104: 0 | G104: 0 | H104: 0 | I104: 0 | J104: 0 | K104: 0 | L104: 0 | M104: 0 | N104: 0 | O104: 0 | P104: 0 | Q104: 0 | R104: 0 | S104: 0 | T104: 0 | U104: 0 | V104: 0 | W104: 0 | X104: 0 | Y104: 0 | Z104: 0 | AA104: 0 | AB104: 0 | AC104: 0 | AD104: 0 | AE104: 0
A105: 25 | B105: 2 | C105: 0 | D105: 1 | E105: 0 | F105: 0 | G105: 0 | H105: 0 | I105: 0 | J105: 0 | K105: 0 | L105: 0 | M105: 0 | N105: 0 | O105: 0 | P105: 0 | Q105: 0 | R105: 0 | S105: 0 | T105: 0 | U105: 0 | V105: 0 | W105: 0 | X105: 0 | Y105: 0 | Z105: 0 | AA105: 0 | AB105: 0 | AC105: 0 | AD105: 0 | AE105: 0
A106: 26 | B106: 2 | C106: 0 | D106: 0 | E106: 0 | F106: 0 | G106: 0 | H106: 0 | I106: 0 | J106: 0 | K106: 0 | L106: 0 | M106: 0 | N106: 0 | O106: 0 | P106: 0 | Q106: 0 | R106: 0 | S106: 0 | T106: 0 | U106: 0 | V106: 0 | W106: 0 | X106: 0 | Y106: 0 | Z106: 0 | AA106: 0 | AB106: 0 | AC106: 0 | AD106: 0 | AE106: 0
A107: 27 | B107: 2 | C107: 0 | D107: 2 | E107: 0 | F107: 0 | G107: 0 | H107: 0 | I107: 0 | J107: 0 | K107: 0 | L107: 0 | M107: 0 | N107: 0 | O107: 0 | P107: 0 | Q107: 0 | R107: 0 | S107: 0 | T107: 0 | U107: 0 | V107: 0 | W107: 0 | X107: 0 | Y107: 0 | Z107: 0 | AA107: 0 | AB107: 0 | AC107: 0 | AD107: 0 | AE107: 0
...

Sheet BC NGÀY
A1: NGÀY | B1: THÁNG | C1: VỤ CHÁY VÀ CNCH | G1: CÔNG TÁC KIỂM TRA | Q1: TUYÊN TRUYỀN PCCC | V1: HUẤN LUYỆN PCCC | X1: TỔNG TUYÊN TRUYỀN/HUẤN LUYỆN | Z1: PACC&CNCH của cơ sở theo mẫu PC06 | AB1: PACC&CNCH của CQ CA theo mẫu PC08 | AD1: PA CNCH của CQ CA theo mẫu PC09 | AF1: PACC&CNCH của phương tiện giao thông theo mẫu PC07 | AH1: Ghi chú
C2: VỤ CHÁY THỐNG KÊ | D2: SCLQ ĐẾN PCCC& CNCH | E2: CHI VIỆN | F2: CNCH | G2: ĐỊNH KỲ | I2: ĐỘT XUẤT | K2: HƯỚNG DẪN | L2: KIẾN NGHỊ | M2: XỬ PHẠT | N2: TIỀN PHẠT (triệu đồng) | O2: ĐÌNH CHỈ | P2: PHỤC HỒI | Q2: TIN BÀI | R2: PHÓNG SỰ | S2: SỐ LỚP TUYÊN TRUYỀN | T2: SỐ NGƯỜI THAM DỰ | U2: SỐ KHUYẾN CÁO, TỜ RƠI ĐÃ PHÁT | V2: SỐ LỚP HUẤN LUYỆN | W2: SỐ NGƯỜI THAM DỰ | X2: SỐ LỚP | Y2: SỐ NGƯỜI THAM DỰ | Z2: SỐ PA XÂY DỰNG VÀ PHÊ DUYỆT | AA2: SỐ PA ĐƯỢC THỰC TẬP | AB2: SỐ PA XÂY DỰNG VÀ PHÊ DUYỆT | AC2: SỐ PA ĐƯỢC THỰC TẬP | AD2: SỐ PA XÂY DỰNG VÀ PHÊ DUYỆT | AE2: SỐ PA ĐƯỢC THỰC TẬP | AF2: SỐ PA XÂY DỰNG VÀ PHÊ DUYỆT | AG2: SỐ PA ĐƯỢC THỰC TẬP
G3: NHÓM I | H3: NHÓM II | I3: NHÓM I | J3: NHÓM II
A4: 1 | B4: 3 | C4: 0 | D4: 0 | E4: 0 | F4: 0 | G4: 0 | H4: 0 | I4: 0 | J4: 0 | K4: 0 | L4: 0 | M4: 0 | N4: 0 | O4: 0 | P4: 0 | Q4: 0 | R4: 0 | S4: 0 | T4: 0 | U4: 0 | V4: 0 | W4: 0 | X4: 0 | Y4: 0 | Z4: 0 | AA4: 0 | AB4: 0 | AC4: 0 | AD4: 0 | AE4: 0 | AF4: 0 | AG4: 0
A5: 2 | B5: 3 | C5: 0 | D5: 0 | E5: 0 | F5: 1 | G5: 0 | H5: 0 | I5: 0 | J5: 0 | K5: 0 | L5: 0 | M5: 0 | N5: 0 | O5: 0 | P5: 0 | Q5: 0 | R5: 0 | S5: 0 | T5: 0 | U5: 0 | V5: 0 | W5: 0 | X5: 0 | Y5: 0 | Z5: 0 | AA5: 0 | AB5: 0 | AC5: 0 | AD5: 0 | AE5: 0 | AF5: 0 | AG5: 0
A6: 3 | B6: 3 | C6: 0 | D6: 0 | E6: 0 | F6: 1 | G6: 7 | H6: 2 | I6: 0 | J6: 0 | K6: 63 | L6: 0 | M6: 0 | N6: 0 | O6: 0 | P6: 0 | Q6: 0 | R6: 0 | S6: 1 | T6: 675 | U6: =T6 -> 675 | V6: 0 | W6: 0 | X6: =S6+V6 -> 1 | Y6: =T6+W6 -> 675 | Z6: =sum(G6:H6) -> 9 | AA6: =sum(G6:H6) -> 9 | AB6: 0 | AC6: 0 | AD6: 0 | AE6: 0 | AF6: 0 | AG6: 0
A7: 4 | B7: 3 | C7: 0 | D7: 0 | E7: 0 | F7: 0 | G7: 12 | H7: 2 | I7: 0 | J7: 0 | K7: 84 | L7: 0 | M7: 0 | N7: 0 | O7: 0 | P7: 0 | Q7: 0 | R7: 0 | S7: 0 | T7: 0 | U7: 0 | V7: 0 | W7: 0 | X7: =S7+V7 -> 0 | Y7: =T7+W7 -> 0 | Z7: =sum(G7:H7) -> 14 | AA7: =sum(G7:H7) -> 14 | AB7: 0 | AC7: 0 | AD7: 0 | AE7: 0 | AF7: 0 | AG7: 0
A8: 5 | B8: 3 | C8: 0 | D8: 0 | E8: 0 | F8: 0 | G8: 22 | H8: 6 | I8: 0 | J8: 0 | K8: 213 | L8: 0 | M8: 0 | N8: 0 | O8: 0 | P8: 0 | Q8: 0 | R8: 0 | S8: 0 | T8: 0 | U8: 0 | V8: 0 | W8: 0 | X8: =S8+V8 -> 0 | Y8: =T8+W8 -> 0 | Z8: =sum(G8:H8) -> 28 | AA8: =sum(G8:H8) -> 28 | AB8: 0 | AC8: 0 | AD8: 0 | AE8: 0 | AF8: 0 | AG8: 0
A9: 6 | B9: 3 | C9: 0 | D9: 0 | E9: 0 | F9: 0 | G9: 20 | H9: 6 | I9: 0 | J9: 0 | K9: 207 | L9: 0 | M9: 0 | N9: 0 | O9: 0 | P9: 0 | Q9: 0 | R9: 0 | S9: 0 | T9: 0 | U9: 0 | V9: 0 | W9: 0 | X9: =S9+V9 -> 0 | Y9: =T9+W9 -> 0 | Z9: =sum(G9:H9) -> 26 | AA9: =sum(G9:H9) -> 26 | AB9: 0 | AC9: 0 | AD9: 0 | AE9: 0 | AF9: 0 | AG9: 0
A10: 7 | B10: 3 | C10: 0 | D10: 0 | E10: 0 | F10: 0 | G10: 21 | H10: 25 | I10: 0 | J10: 0 | K10: 333 | L10: 0 | M10: 0 | N10: 0 | O10: 0 | P10: 0 | Q10: 0 | R10: 0 | S10: 0 | T10: 0 | U10: 0 | V10: 1 | W10: 37 | X10: =S10+V10 -> 1 | Y10: =T10+W10 -> 37 | Z10: =sum(G10:H10) -> 46 | AA10: =sum(G10:H10) -> 46 | AB10: 1 | AC10: 1 | AD10: 0 | AE10: 0 | AF10: 0 | AG10: 0
A11: 8 | B11: 3 | C11: 0 | D11: 0 | E11: 0 | F11: 0 | G11: 6 | H11: 8 | I11: 0 | J11: 0 | K11: 107 | L11: 0 | M11: 0 | N11: 0 | O11: 0 | P11: 0 | Q11: 0 | R11: 0 | S11: 0 | T11: 0 | U11: 0 | V11: 1 | W11: 30 | X11: =S11+V11 -> 1 | Y11: =T11+W11 -> 30 | Z11: =sum(G11:H11) -> 14 | AA11: =sum(G11:H11) -> 14 | AB11: 1 | AC11: 1 | AD11: 0 | AE11: 0 | AF11: 0 | AG11: 0
A12: 9 | B12: 3 | C12: 0 | D12: 0 | E12: 0 | F12: 0 | G12: 0 | H12: 0 | I12: 0 | J12: 0 | K12: 0 | L12: 0 | M12: 0 | N12: 0 | O12: 0 | P12: 0 | Q12: 0 | R12: 0 | S12: 0 | T12: 0 | U12: 0 | V12: 1 | W12: 78 | X12: =S12+V12 -> 1 | Y12: =T12+W12 -> 78 | Z12: =sum(G12:H12) -> 0 | AA12: =sum(G12:H12) -> 0 | AB12: 0 | AC12: 0 | AD12: 0 | AE12: 0 | AF12: 0 | AG12: 0
A13: 10 | B13: 3 | C13: 0 | D13: 0 | E13: 0 | F13: 0 | G13: 13 | H13: 5 | I13: 0 | J13: 0 | K13: 162 | L13: 0 | M13: 0 | N13: 0 | O13: 0 | P13: 0 | Q13: 0 | R13: 0 | S13: 0 | T13: 0 | U13: 0 | V13: 1 | W13: 25 | X13: =S13+V13 -> 1 | Y13: =T13+W13 -> 25 | Z13: =sum(G13:H13) -> 18 | AA13: =sum(G13:H13) -> 18 | AB13: 1 | AC13: 1 | AD13: 0 | AE13: 0 | AF13: 0 | AG13: 0
A14: 11 | B14: 3 | C14: 0 | D14: 0 | E14: 0 | F14: 0 | G14: 22 | H14: 18 | I14: 0 | J14: 0 | K14: 319 | L14: 0 | M14: 0 | N14: 0 | O14: 0 | P14: 0 | Q14: 0 | R14: 0 | S14: 0 | T14: 0 | U14: 0 | V14: 0 | W14: 0 | X14: =S14+V14 -> 0 | Y14: =T14+W14 -> 0 | Z14: =sum(G14:H14) -> 40 | AA14: =sum(G14:H14) -> 40 | AB14: 0 | AC14: 0 | AD14: 0 | AE14: 0 | AF14: 0 | AG14: 0
A15: 12 | B15: 3 | C15: 0 | D15: 0 | E15: 0 | F15: 0 | G15: 26 | H15: 17 | I15: 0 | J15: 0 | K15: 333 | L15: 0 | M15: 0 | N15: 0 | O15: 0 | P15: 0 | Q15: 0 | R15: 0 | S15: 0 | T15: 0 | U15: 0 | V15: 0 | W15: 0 | X15: =S15+V15 -> 0 | Y15: =T15+W15 -> 0 | Z15: =sum(G15:H15) -> 43 | AA15: =sum(G15:H15) -> 43 | AB15: 0 | AC15: 0 | AD15: 0 | AE15: 0 | AF15: 0 | AG15: 0
A16: 13 | B16: 3 | C16: 0 | D16: 0 | E16: 0 | F16: 0 | G16: 18 | H16: 12 | I16: 0 | J16: 0 | K16: 249 | L16: 0 | M16: 0 | N16: 0 | O16: 0 | P16: 0 | Q16: 1 | R16: 0 | S16: 1 | T16: 100 | U16: 100 | V16: 0 | W16: 0 | X16: =S16+V16 -> 1 | Y16: =T16+W16 -> 100 | Z16: =sum(G16:H16) -> 30 | AA16: =sum(G16:H16) -> 30 | AB16: 0 | AC16: 0 | AD16: 0 | AE16: 0 | AF16: 0 | AG16: 0
A17: 14 | B17: 3 | C17: 0 | D17: 0 | E17: 0 | F17: 0 | G17: 12 | H17: 18 | I17: 0 | J17: 0 | K17: 223 | L17: 0 | M17: 0 | N17: 0 | O17: 0 | P17: 0 | Q17: 0 | R17: 0 | S17: 0 | T17: 0 | U17: 0 | V17: 0 | W17: 0 | X17: =S17+V17 -> 0 | Y17: =T17+W17 -> 0 | Z17: =sum(G17:H17) -> 30 | AA17: =sum(G17:H17) -> 30 | AB17: 0 | AC17: 0 | AD17: 0 | AE17: 0 | AF17: 0 | AG17: 0
A18: 15 | B18: 3 | C18: 0 | D18: 0 | E18: 0 | F18: 0 | G18: 49 | H18: 36 | I18: 0 | J18: 0 | K18: 706 | L18: 0 | M18: 0 | N18: 0 | O18: 0 | P18: 0 | Q18: 0 | R18: 0 | S18: 0 | T18: 0 | U18: 0 | V18: 0 | W18: 0 | X18: =S18+V18 -> 0 | Y18: =T18+W18 -> 0 | Z18: =sum(G18:H18) -> 85 | AA18: =sum(G18:H18) -> 85 | AB18: 0 | AC18: 0 | AD18: 0 | AE18: 0 | AF18: 0 | AG18: 0
A19: 16 | B19: 3 | C19: 0 | D19: 2 | E19: 0 | F19: 0 | G19: 0 | H19: 0 | I19: 0 | J19: 0 | K19: 0 | L19: 0 | M19: 0 | N19: 0 | O19: 0 | P19: 0 | Q19: 0 | R19: 0 | S19: 0 | T19: 0 | U19: 0 | V19: 0 | W19: 0 | X19: =S19+V19 -> 0 | Y19: =T19+W19 -> 0 | Z19: =sum(G19:H19) -> 0 | AA19: =sum(G19:H19) -> 0 | AB19: 0 | AC19: 0 | AD19: 0 | AE19: 0 | AF19: 0 | AG19: 0 | AH19: 01 cháy cỏ (CC) 01 cháy điện (KCC)
A20: 17 | B20: 3 | C20: 0 | D20: 0 | E20: 0 | F20: 0 | G20: 3 | H20: 0 | I20: 1 | J20: 0 | K20: 17 | L20: 1 | M20: 1 | N20: 50 | O20: 0 | P20: 0 | Q20: 0 | R20: 0 | S20: 0 | T20: 0 | U20: 0 | V20: 0 | W20: 0 | X20: =S20+V20 -> 0 | Y20: =T20+W20 -> 0 | Z20: =sum(G20:H20) -> 3 | AA20: =sum(G20:H20) -> 3 | AB20: 0 | AC20: 0 | AD20: 0 | AE20: 0 | AF20: 0 | AG20: 0
A21: 18 | B21: 3 | C21: 0 | D21: 0 | E21: 0 | F21: 0 | G21: 2 | H21: 0 | I21: 1 | J21: 0 | K21: 11 | L21: 1 | M21: 1 | N21: 50 | O21: 0 | P21: 0 | Q21: 0 | R21: 0 | S21: 0 | T21: 0 | U21: 0 | V21: 0 | W21: 0 | X21: =S21+V21 -> 0 | Y21: =T21+W21 -> 0 | Z21: =sum(G21:H21) -> 2 | AA21: =sum(G21:H21) -> 2 | AB21: 0 | AC21: 0 | AD21: 0 | AE21: 0 | AF21: 0 | AG21: 0
A22: 19 | B22: 3 | C22: 0 | D22: 1 | E22: 0 | F22: 0 | G22: 2 | H22: 1 | I22: 0 | J22: 0 | K22: 17 | L22: 0 | M22: 0 | N22: 0 | O22: 0 | P22: 0 | Q22: 0 | R22: 0 | S22: 0 | T22: 0 | U22: 0 | V22: 2 | W22: 76 | X22: =S22+V22 -> 2 | Y22: =T22+W22 -> 76 | Z22: =sum(G22:H22) -> 3 | AA22: =sum(G22:H22) -> 3 | AB22: 0 | AC22: 0 | AD22: 0 | AE22: 0 | AF22: 0 | AG22: 0 | AH22: 01 cháy cỏ (CC)
A23: 20 | B23: 3 | C23: 0 | D23: 0 | E23: 0 | F23: 0 | G23: 1 | H23: 3 | I23: 0 | J23: 0 | K23: 24 | L23: 0 | M23: 0 | N23: 0 | O23: 0 | P23: 0 | Q23: 0 | R23: 0 | S23: 0 | T23: 0 | U23: 0 | V23: 1 | W23: 25 | X23: =S23+V23 -> 1 | Y23: =T23+W23 -> 25 | Z23: =sum(G23:H23) -> 4 | AA23: =sum(G23:H23) -> 4 | AB23: 0 | AC23: 0 | AD23: 0 | AE23: 0 | AF23: 0 | AG23: 0
A24: 21 | B24: 3 | C24: 0 | D24: 0 | E24: 0 | F24: 1 | G24: 3 | H24: 3 | I24: 0 | J24: 0 | K24: 39 | L24: 0 | M24: 0 | N24: 0 | O24: 0 | P24: 0 | Q24: 0 | R24: 0 | S24: 0 | T24: 0 | U24: 0 | V24: 3 | W24: 140 | X24: =S24+V24 -> 3 | Y24: =T24+W24 -> 140 | Z24: =sum(G24:H24) -> 6 | AA24: =sum(G24:H24) -> 6 | AB24: 2 | AC24: 2 | AD24: 0 | AE24: 0 | AF24: 0 | AG24: 0
A25: 22 | B25: 3 | C25: 0 | D25: 1 | E25: 0 | F25: 0 | G25: 0 | H25: 0 | I25: 0 | J25: 0 | K25: 0 | L25: 0 | M25: 0 | N25: 0 | O25: 0 | P25: 0 | Q25: 0 | R25: 0 | S25: 2 | T25: 389 | U25: 389 | V25: 4 | W25: 140 | X25: =S25+V25 -> 6 | Y25: =T25+W25 -> 529 | Z25: =sum(G25:H25) -> 0 | AA25: =sum(G25:H25) -> 0 | AB25: 2 | AC25: 2 | AD25: 0 | AE25: 0 | AF25: 0 | AG25: 0 | AH25: 01 cháy điện (KCC)
A26: 23 | B26: 3 | C26: 0 | D26: 1 | E26: 0 | F26: 0 | G26: 0 | H26: 0 | I26: 0 | J26: 0 | K26: 0 | L26: 0 | M26: 0 | N26: 0 | O26: 0 | P26: 0 | Q26: 0 | R26: 0 | S26: 1 | T26: 300 | U26: 300 | V26: 2 | W26: 115 | X26: =S26+V26 -> 3 | Y26: =T26+W26 -> 415 | Z26: 0 | AA26: 0 | AB26: 1 | AC26: 1 | AD26: 0 | AE26: 0 | AF26: 0 | AG26: 0 | AH26: 01 cháy do chập điện (KCC)
A27: 24 | B27: 3 | C27: 0 | D27: 0 | E27: 0 | F27: 0 | G27: 3 | H27: 1 | I27: 0 | J27: 0 | K27: 22 | L27: 0 | M27: 0 | N27: 0 | O27: 0 | P27: 0 | Q27: 1 | R27: 0 | S27: 0 | T27: 0 | U27: 0 | V27: 0 | W27: 0 | X27: =S27+V27 -> 0 | Y27: =T27+W27 -> 0 | Z27: =sum(G27:H27) -> 4 | AA27: =sum(G27:H27) -> 4 | AB27: 0 | AC27: 0 | AD27: 0 | AE27: 0 | AF27: 0 | AG27: 0
A28: 25 | B28: 3 | C28: 1 | D28: 1 | E28: 0 | F28: 0 | G28: 4 | H28: 4 | I28: 0 | J28: 0 | K28: 53 | L28: 0 | M28: 0 | N28: 0 | O28: 0 | P28: 0 | Q28: 0 | R28: 0 | S28: 0 | T28: 0 | U28: 0 | V28: 2 | W28: 100 | X28: =S28+V28 -> 2 | Y28: =T28+W28 -> 100 | Z28: =sum(G28:H28) -> 8 | AA28: =sum(G28:H28) -> 8 | AB28: 0 | AC28: 0 | AD28: 0 | AE28: 0 | AF28: 0 | AG28: 0 | AH28: 01 cháy Công ty (CC) 01 cháy cỏ (CC)
A29: 26 | B29: 3 | C29: 0 | D29: 0 | E29: 0 | F29: 0 | G29: 6 | H29: 0 | I29: 0 | J29: 0 | K29: 38 | L29: 0 | M29: 0 | N29: 0 | O29: 0 | P29: 0 | Q29: 0 | R29: 0 | S29: 0 | T29: 0 | U29: 0 | V29: 0 | W29: 0 | X29: =S29+V29 -> 0 | Y29: =T29+W29 -> 0 | Z29: =sum(G29:H29) -> 6 | AA29: =sum(G29:H29) -> 6 | AB29: 0 | AC29: 0 | AD29: 0 | AE29: 0 | AF29: 0 | AG29: 0
A30: 27 | B30: 3 | C30: 0 | D30: 1 | E30: 0 | F30: 0 | G30: 3 | H30: 7 | I30: 0 | J30: 0 | K30: 57 | L30: 0 | M30: 0 | N30: 0 | O30: 0 | P30: 0 | Q30: 0 | R30: 0 | S30: 0 | T30: 0 | U30: 0 | V30: 0 | W30: 0 | X30: =S30+V30 -> 0 | Y30: =T30+W30 -> 0 | Z30: =sum(G30:H30) -> 10 | AA30: =sum(G30:H30) -> 10 | AB30: 1 | AC30: 1 | AD30: 0 | AE30: 0 | AF30: 0 | AG30: 0 | AH30: 01 cháy cỏ (CC)
A31: 28 | B31: 3 | C31: 0 | D31: 1 | E31: 0 | F31: 0 | G31: 2 | H31: 7 | I31: 0 | J31: 0 | K31: 52 | L31: 0 | M31: 0 | N31: 0 | O31: 0 | P31: 0 | Q31: 0 | R31: 0 | S31: 0 | T31: 0 | U31: 0 | V31: 2 | W31: 185 | X31: =S31+V31 -> 2 | Y31: =T31+W31 -> 185 | Z31: =sum(G31:H31) -> 9 | AA31: =sum(G31:H31) -> 9 | AB31: 0 | AC31: 0 | AD31: 0 | AE31: 0 | AF31: 0 | AG31: 0 | AH31: 01 cháy cỏ (CC)
A32: 29 | B32: 3 | C32: 0 | D32: 4 | E32: 0 | F32: 0 | G32: 0 | H32: 0 | I32: 0 | J32: 0 | K32: 0 | L32: 0 | M32: 0 | N32: 0 | O32: 0 | P32: 0 | Q32: 0 | R32: 0 | S32: 0 | T32: 0 | U32: 0 | V32: 1 | W32: 56 | X32: =S32+V32 -> 1 | Y32: =T32+W32 -> 56 | Z32: =sum(G32:H32) -> 0 | AA32: =sum(G32:H32) -> 0 | AB32: 1 | AC32: 1 | AD32: 0 | AE32: 0 | AF32: 0 | AG32: 0 | AH32: 01 cháy cỏ 01 cháy điện 01 cháy nhà 01 VV ANTT
A33: 30 | B33: 3 | C33: 0 | D33: 1 | E33: 0 | F33: 0 | G33: 0 | H33: 0 | I33: 0 | J33: 0 | K33: 0 | L33: 0 | M33: 0 | N33: 0 | O33: 0 | P33: 0 | Q33: 0 | R33: 0 | S33: 0 | T33: 0 | U33: 0 | V33: 0 | W33: 0 | X33: =S33+V33 -> 0 | Y33: =T33+W33 -> 0 | Z33: =sum(G33:H33) -> 0 | AA33: =sum(G33:H33) -> 0 | AB33: 0 | AC33: 0 | AD33: 0 | AE33: 0 | AF33: 0 | AG33: 0 | AH33: 01 cháy cỏ
A34: 31 | B34: 3 | C34: 0 | D34: 1 | E34: 1 | F34: 0 | G34: 2 | H34: 1 | I34: 0 | J34: 0 | K34: 12 | L34: 1 | M34: 1 | N34: 25 | O34: 0 | P34: 0 | Q34: 0 | R34: 0 | S34: 0 | T34: 0 | U34: 0 | V34: 1 | W34: 30 | X34: =S34+V34 -> 1 | Y34: =T34+W34 -> 30 | Z34: =sum(G34:H34) -> 3 | AA34: =sum(G34:H34) -> 3 | AB34: 1 | AC34: 1 | AD34: 0 | AE34: 0 | AF34: 0 | AG34: 0 | AH34: 01 vụ cháy cỏ (KCC)
A35: 1 | B35: 4 | C35: 0 | D35: 1 | E35: 0 | F35: 0 | G35: 1 | H35: 8 | I35: 0 | J35: 1 | K35: 62 | L35: 1 | M35: 1 | N35: 50 | O35: 0 | P35: 0 | Q35: 0 | R35: 0 | S35: 0 | T35: 0 | U35: 0 | V35: 1 | W35: 25 | X35: =S35+V35 -> 1 | Y35: =T35+W35 -> 25 | Z35: =sum(G35:H35) -> 9 | AA35: =sum(G35:H35) -> 9 | AB35: 1 | AC35: 1 | AD35: 0 | AE35: 0 | AF35: 0 | AG35: 0 | AH35: 01 vụ cháy cỏ (CC)
A36: 2 | B36: 4 | C36: 0 | D36: 0 | E36: 0 | F36: 0 | G36: 4 | H36: 3 | I36: 0 | J36: 0 | K36: 42 | L36: 0 | M36: 0 | N36: 0 | O36: 0 | P36: 0 | Q36: 0 | R36: 0 | S36: 0 | T36: 0 | U36: 0 | V36: 0 | W36: 0 | X36: =S36+V36 -> 0 | Y36: =T36+W36 -> 0 | Z36: =sum(G36:H36) -> 7 | AA36: =sum(G36:H36) -> 7 | AB36: 0 | AC36: 0 | AD36: 0 | AE36: 0 | AF36: 0 | AG36: 0
A37: 3 | B37: 4 | C37: 0 | D37: 2 | E37: 0 | F37: 0 | G37: 10 | H37: 1 | I37: 0 | J37: 1 | K37: 76 | L37: 1 | M37: 1 | N37: 50 | O37: 0 | P37: 0 | Q37: 0 | R37: 0 | S37: 0 | T37: 0 | U37: 0 | V37: 0 | W37: 0 | X37: =S37+V37 -> 0 | Y37: =T37+W37 -> 0 | Z37: =sum(G37:H37) -> 11 | AA37: =sum(G37:H37) -> 11 | AB37: 0 | AC37: 0 | AD37: 0 | AE37: 0 | AF37: 0 | AG37: 0 | AH37: 02 vụ cháy cỏ (CC)
A38: 4 | B38: 4 | C38: 0 | D38: 2 | E38: 0 | F38: 0 | G38: 2 | H38: 4 | I38: 0 | J38: 0 | K38: 40 | L38: 0 | M38: 0 | N38: 0 | O38: 0 | P38: 0 | Q38: 0 | R38: 0 | S38: 0 | T38: 0 | U38: 0 | V38: 1 | W38: 28 | X38: =S38+V38 -> 1 | Y38: =T38+W38 -> 28 | Z38: =sum(G38:H38) -> 6 | AA38: =sum(G38:H38) -> 6 | AB38: 2 | AC38: 2 | AD38: 0 | AE38: 0 | AF38: 0 | AG38: 0 | AH38: 02 vụ cháy cỏ (CC)
A39: 5 | B39: 4 | C39: 0 | D39: 1 | E39: 0 | F39: 0 | G39: 5 | H39: 3 | I39: 0 | J39: 0 | K39: 53 | L39: 0 | M39: 0 | N39: 0 | O39: 0 | P39: 0 | Q39: 0 | R39: 0 | S39: 0 | T39: 0 | U39: 0 | V39: 2 | W39: 105 | X39: =S39+V39 -> 2 | Y39: =T39+W39 -> 105 | Z39: =sum(G39:H39) -> 8 | AA39: =sum(G39:H39) -> 8 | AB39: 0 | AC39: 0 | AD39: 0 | AE39: 0 | AF39: 0 | AG39: 0 | AH39: 01 cháy bãi rác (CC)
A40: 6 | B40: 4 | C40: 0 | D40: 0 | E40: 0 | F40: 0 | G40: 0 | H40: 0 | I40: 0 | J40: 0 | K40: 0 | L40: 0 | M40: 0 | N40: 0 | O40: 0 | P40: 0 | Q40: 0 | R40: 0 | S40: 0 | T40: 0 | U40: 0 | V40: 0 | W40: 0 | X40: =S40+V40 -> 0 | Y40: =T40+W40 -> 0 | Z40: =sum(G40:H40) -> 0 | AA40: =sum(G40:H40) -> 0 | AB40: 0 | AC40: 0 | AD40: 0 | AE40: 0 | AF40: 0 | AG40: 0
A41: 7 | B41: 4 | C41: 0 | D41: 0 | E41: 0 | F41: 0 | G41: 5 | H41: 0 | I41: 0 | J41: 0 | K41: 41 | L41: 0 | M41: 0 | N41: 0 | O41: 0 | P41: 0 | Q41: 0 | R41: 0 | S41: 0 | T41: 0 | U41: 0 | V41: 0 | W41: 0 | X41: =S41+V41 -> 0 | Y41: =T41+W41 -> 0 | Z41: =sum(G41:H41) -> 5 | AA41: =sum(G41:H41) -> 5 | AB41: 0 | AC41: 0 | AD41: 0 | AE41: 0 | AF41: 0 | AG41: 0
A42: 8 | B42: 4 | C42: 0 | D42: 1 | E42: 0 | F42: 0 | G42: 8 | H42: 13 | I42: 0 | J42: 0 | K42: 165 | L42: 0 | M42: 0 | N42: 0 | O42: 0 | P42: 0 | Q42: 0 | R42: 0 | S42: 0 | T42: 0 | U42: 0 | V42: 0 | W42: 0 | X42: =S42+V42 -> 0 | Y42: =T42+W42 -> 0 | Z42: =sum(G42:H42) -> 21 | AA42: =sum(G42:H42) -> 21 | AB42: 0 | AC42: 0 | AD42: 0 | AE42: 0 | AF42: 0 | AG42: 0 | AH42: 01 vụ cháy cỏ (CC)
A43: 9 | B43: 4 | C43: 0 | D43: 1 | E43: 0 | F43: 0 | G43: 7 | H43: 4 | I43: 0 | J43: 0 | K43: 76 | L43: 0 | M43: 0 | N43: 0 | O43: 0 | P43: 0 | Q43: 0 | R43: 0 | S43: 0 | T43: 0 | U43: 0 | V43: 0 | W43: 0 | X43: =S43+V43 -> 0 | Y43: =T43+W43 -> 0 | Z43: =sum(G43:H43) -> 11 | AA43: =sum(G43:H43) -> 11 | AB43: 0 | AC43: 0 | AD43: 0 | AE43: 0 | AF43: 0 | AG43: 0 | AH43: 01 vụ cháy cỏ (KCC)
A44: 10 | B44: 4 | C44: 0 | D44: 0 | E44: 1 | F44: 1 | G44: 9 | H44: 11 | I44: 0 | J44: 0 | K44: 132 | L44: 1 | M44: 1 | N44: 4 | O44: 0 | P44: 0 | Q44: 0 | R44: 0 | S44: 0 | T44: 0 | U44: 0 | V44: 1 | W44: 100 | X44: =S44+V44 -> 1 | Y44: =T44+W44 -> 100 | Z44: =sum(G44:H44) -> 20 | AA44: =sum(G44:H44) -> 20 | AB44: 1 | AC44: 1 | AD44: 0 | AE44: 0 | AF44: 0 | AG44: 0
A45: 11 | B45: 4 | C45: 0 | D45: 0 | E45: 0 | F45: 0 | G45: 16 | H45: 3 | I45: 0 | J45: 0 | K45: 144 | L45: 0 | M45: 0 | N45: 0 | O45: 0 | P45: 0 | Q45: 0 | R45: 0 | S45: 0 | T45: 0 | U45: 0 | V45: 1 | W45: 25 | X45: =S45+V45 -> 1 | Y45: =T45+W45 -> 25 | Z45: =sum(G45:H45) -> 19 | AA45: =sum(G45:H45) -> 19 | AB45: 1 | AC45: 1 | AD45: 0 | AE45: 0 | AF45: 0 | AG45: 0
A46: 12 | B46: 4 | C46: 0 | D46: 2 | E46: 0 | F46: 0 | G46: 0 | H46: 0 | I46: 0 | J46: 0 | K46: 0 | L46: 0 | M46: 0 | N46: 0 | O46: 0 | P46: 0 | Q46: 0 | R46: 0 | S46: 1 | T46: 200 | U46: 200 | V46: 1 | W46: 119 | X46: =S46+V46 -> 2 | Y46: =T46+W46 -> 319 | Z46: =sum(G46:H46) -> 0 | AA46: =sum(G46:H46) -> 0 | AB46: 1 | AC46: 1 | AD46: 0 | AE46: 0 | AF46: 0 | AG46: 0 | AH46: 01 vụ cháy cỏ (KCC) 01 vụ cháy chòi lá quán cafe (KCC)
A47: 13 | B47: 4 | C47: 0 | D47: 2 | E47: 0 | F47: 0 | G47: 0 | H47: 0 | I47: 0 | J47: 0 | K47: 0 | L47: 0 | M47: 0 | N47: 0 | O47: 0 | P47: 0 | Q47: 0 | R47: 0 | S47: 1 | T47: 200 | U47: 200 | V47: 1 | W47: 25 | X47: =S47+V47 -> 2 | Y47: =T47+W47 -> 225 | Z47: =sum(G47:H47) -> 0 | AA47: =sum(G47:H47) -> 0 | AB47: 1 | AC47: 1 | AD47: 0 | AE47: 0 | AF47: 0 | AG47: 0 | AH47: 02 vụ cháy cỏ (CC)
A48: 14 | B48: 4 | C48: 0 | D48: 1 | E48: 0 | F48: 0 | G48: 1 | H48: 4 | I48: 0 | J48: 0 | K48: 50 | L48: 0 | M48: 0 | N48: 0 | O48: 0 | P48: 0 | Q48: 0 | R48: 0 | S48: 0 | T48: 0 | U48: 0 | V48: 0 | W48: 0 | X48: =S48+V48 -> 0 | Y48: =T48+W48 -> 0 | Z48: =sum(G48:H48) -> 5 | AA48: =sum(G48:H48) -> 5 | AB48: 0 | AC48: 0 | AD48: 0 | AE48: 0 | AF48: 0 | AG48: 0 | AH48: 01 cháy cỏ (CC)
A49: 15 | B49: 4 | C49: 0 | D49: 0 | E49: 0 | F49: 0 | G49: 10 | H49: 1 | I49: 0 | J49: 1 | K49: 81 | L49: 0 | M49: 0 | N49: 0 | O49: 0 | P49: 0 | Q49: 0 | R49: 0 | S49: 0 | T49: 0 | U49: 0 | V49: 0 | W49: 0 | X49: =S49+V49 -> 0 | Y49: =T49+W49 -> 0 | Z49: =sum(G49:H49) -> 11 | AA49: =sum(G49:H49) -> 11 | AB49: 0 | AC49: 0 | AD49: 0 | AE49: 0 | AF49: 0 | AG49: 0
A50: 16 | B50: 4 | C50: 0 | D50: 2 | E50: 0 | F50: 0 | G50: 5 | H50: 1 | I50: 0 | J50: 1 | K50: 68 | L50: 1 | M50: 1 | N50: 50 | O50: 0 | P50: 0 | Q50: 1 | R50: 0 | S50: 0 | T50: 0 | U50: 0 | V50: 0 | W50: 0 | X50: =S50+V50 -> 0 | Y50: =T50+W50 -> 0 | Z50: =sum(G50:H50) -> 6 | AA50: =sum(G50:H50) -> 6 | AB50: 0 | AC50: 0 | AD50: 0 | AE50: 0 | AF50: 0 | AG50: 0 | AH50: 02 vụ cháy cỏ (CC)
A51: 17 | B51: 4 | C51: 0 | D51: 1 | E51: 0 | F51: 0 | G51: 7 | H51: 3 | I51: 4 | J51: 3 | K51: 99 | L51: 8 | M51: 6 | N51: 200 | O51: 0 | P51: 0 | Q51: 1 | R51: 0 | S51: 0 | T51: 0 | U51: 0 | V51: 1 | W51: 249 | X51: =S51+V51 -> 1 | Y51: =T51+W51 -> 249 | Z51: =sum(G51:H51) -> 10 | AA51: =sum(G51:H51) -> 10 | AB51: 1 | AC51: 1 | AD51: 0 | AE51: 0 | AF51: 0 | AG51: 0 | AH51: 01 vụ cháy cỏ (CC)
A52: 18 | B52: 4 | C52: 0 | D52: 0 | E52: 0 | F52: 0 | G52: 6 | H52: 3 | I52: 0 | J52: 3 | K52: 79 | L52: 1 | M52: 1 | N52: 25 | O52: 0 | P52: 0 | Q52: 0 | R52: 0 | S52: 0 | T52: 0 | U52: 0 | V52: 1 | W52: 40 | X52: =S52+V52 -> 1 | Y52: =T52+W52 -> 40 | Z52: =sum(G52:H52) -> 9 | AA52: =sum(G52:H52) -> 9 | AB52: 0 | AC52: 0 | AD52: 0 | AE52: 0 | AF52: 0 | AG52: 0
A53: 19 | B53: 4 | C53: 0 | D53: 2 | E53: 0 | F53: 0 | G53: 1 | H53: 2 | I53: 0 | J53: 0 | K53: 19 | L53: 0 | M53: 0 | N53: 0 | O53: 0 | P53: 0 | Q53: 0 | R53: 0 | S53: 1 | T53: 210 | U53: 210 | V53: 0 | W53: 0 | X53: =S53+V53 -> 1 | Y53: =T53+W53 -> 210 | Z53: =sum(G53:H53) -> 3 | AA53: =sum(G53:H53) -> 3 | AB53: 0 | AC53: 0 | AD53: 0 | AE53: 0 | AF53: 0 | AG53: 0 | AH53: 01 vụ cháy cỏ (CC) 01 vụ cháy cỏ (KCC)
A54: 20 | B54: 4 | C54: 0 | D54: 3 | E54: 0 | F54: 0 | G54: 0 | H54: 0 | I54: 0 | J54: 0 | K54: 0 | L54: 0 | M54: 0 | N54: 0 | O54: 0 | P54: 0 | Q54: 0 | R54: 0 | S54: 0 | T54: 0 | U54: 0 | V54: 0 | W54: 0 | X54: =S54+V54 -> 0 | Y54: =T54+W54 -> 0 | Z54: =sum(G54:H54) -> 0 | AA54: =sum(G54:H54) -> 0 | AB54: 0 | AC54: 0 | AD54: 0 | AE54: 0 | AF54: 0 | AG54: 0 | AH54: 01 cháy bồn hút bụi (CC) 01 cháy cỏ (CC) 01 cháy cỏ (KCC)
A55: 21 | B55: 4 | C55: 0 | D55: 1 | E55: 0 | F55: 0 | G55: 0 | H55: 0 | I55: 1 | J55: 0 | K55: 0 | L55: 1 | M55: 1 | N55: 50 | O55: 0 | P55: 0 | Q55: 0 | R55: 0 | S55: 2 | T55: 1370 | U55: 1370 | V55: 0 | W55: 0 | X55: =S55+V55 -> 2 | Y55: =T55+W55 -> 1370 | Z55: =sum(G55:H55) -> 0 | AA55: =sum(G55:H55) -> 0 | AB55: 0 | AC55: 0 | AD55: 0 | AE55: 0 | AF55: 0 | AG55: 0 | AH55: 01 vụ cháy cỏ (KCC)
A56: 22 | B56: 4 | C56: 0 | D56: 0 | E56: 0 | F56: 0 | G56: 1 | H56: 1 | I56: 0 | J56: 0 | K56: 19 | L56: 1 | M56: 1 | N56: 7.5 | O56: 0 | P56: 0 | Q56: 0 | R56: 0 | S56: 0 | T56: 0 | U56: 0 | V56: 0 | W56: 0 | X56: =S56+V56 -> 0 | Y56: =T56+W56 -> 0 | Z56: =sum(G56:H56) -> 2 | AA56: =sum(G56:H56) -> 2 | AB56: 0 | AC56: 0 | AD56: 0 | AE56: 0 | AF56: 0 | AG56: 0
A57: 23 | B57: 4 | C57: 0 | D57: 1 | E57: 0 | F57: 0 | G57: 6 | H57: 5 | I57: 1 | J57: 3 | K57: 84 | L57: 2 | M57: 2 | N57: 75 | O57: 0 | P57: 0 | Q57: 0 | R57: 0 | S57: 0 | T57: 0 | U57: 0 | V57: 0 | W57: 0 | X57: =S57+V57 -> 0 | Y57: =T57+W57 -> 0 | Z57: =sum(G57:H57) -> 11 | AA57: =sum(G57:H57) -> 11 | AB57: 0 | AC57: 0 | AD57: 0 | AE57: 0 | AF57: 0 | AG57: 0 | AH57: 01 cháy cỏ (CC)
A58: 24 | B58: 4 | C58: 0 | D58: 0 | E58: 0 | F58: 0 | G58: 5 | H58: 7 | I58: 3 | J58: 0 | K58: 81 | L58: 3 | M58: 3 | N58: 155 | O58: 0 | P58: 0 | Q58: 0 | R58: 0 | S58: 1 | T58: 300 | U58: 300 | V58: 0 | W58: 0 | X58: =S58+V58 -> 1 | Y58: =T58+W58 -> 300 | Z58: =sum(G58:H58) -> 12 | AA58: =sum(G58:H58) -> 12 | AB58: 0 | AC58: 0 | AD58: 0 | AE58: 0 | AF58: 0 | AG58: 0
A59: 25 | B59: 4 | C59: 0 | D59: 0 | E59: 0 | F59: 0 | G59: 1 | H59: 9 | I59: 2 | J59: 1 | K59: 74 | L59: 3 | M59: 3 | N59: 75 | O59: 0 | P59: 0 | Q59: 0 | R59: 0 | S59: 0 | T59: 0 | U59: 0 | V59: 2 | W59: 155 | X59: =S59+V59 -> 2 | Y59: =T59+W59 -> 155 | Z59: =sum(G59:H59) -> 10 | AA59: =sum(G59:H59) -> 10 | AB59: 1 | AC59: 1 | AD59: 0 | AE59: 0 | AF59: 0 | AG59: 0
A60: 26 | B60: 4 | C60: 0 | D60: 1 | E60: 0 | F60: 0 | G60: 0 | H60: 0 | I60: 0 | J60: 0 | K60: 0 | L60: 0 | M60: 0 | N60: 0 | O60: 0 | P60: 0 | Q60: 0 | R60: 0 | S60: 0 | T60: 0 | U60: 0 | V60: 0 | W60: 0 | X60: =S60+V60 -> 0 | Y60: =T60+W60 -> 0 | Z60: =sum(G60:H60) -> 0 | AA60: =sum(G60:H60) -> 0 | AB60: 0 | AC60: 0 | AD60: 0 | AE60: 0 | AF60: 0 | AG60: 0 | AH60: 01 cháy cỏ (CC)
A61: 27 | B61: 4 | C61: 0 | D61: 1 | E61: 0 | F61: 0 | G61: 0 | H61: 0 | I61: 0 | J61: 0 | K61: 0 | L61: 0 | M61: 0 | N61: 0 | O61: 0 | P61: 0 | Q61: 0 | R61: 0 | S61: 0 | T61: 0 | U61: 0 | V61: 0 | W61: 0 | X61: =S61+V61 -> 0 | Y61: =T61+W61 -> 0 | Z61: =sum(G61:H61) -> 0 | AA61: =sum(G61:H61) -> 0 | AB61: 0 | AC61: 0 | AD61: 0 | AE61: 0 | AF61: 0 | AG61: 0 | AH61: 01 cháy trụ điện (CC)
A62: 28 | B62: 4 | C62: 0 | D62: 2 | E62: 0 | F62: 0 | G62: 0 | H62: 0 | I62: 0 | J62: 0 | K62: 0 | L62: 0 | M62: 0 | N62: 0 | O62: 0 | P62: 0 | Q62: 0 | R62: 0 | S62: 0 | T62: 0 | U62: 0 | V62: 0 | W62: 0 | X62: =S62+V62 -> 0 | Y62: =T62+W62 -> 0 | Z62: =sum(G62:H62) -> 0 | AA62: =sum(G62:H62) -> 0 | AB62: 0 | AC62: 0 | AD62: 0 | AE62: 0 | AF62: 0 | AG62: 0 | AH62: 01 cháy cỏ (CC) 01 cháy điện (KCC)
A63: 29 | B63: 4 | C63: 0 | D63: 0 | E63: 0 | F63: 0 | G63: 2 | H63: 3 | I63: 0 | J63: 2 | K63: 29 | L63: 1 | M63: 1 | N63: 25 | O63: 0 | P63: 0 | Q63: 0 | R63: 0 | S63: 0 | T63: 0 | U63: 0 | V63: 1 | W63: 54 | X63: =S63+V63 -> 1 | Y63: =T63+W63 -> 54 | Z63: =sum(G63:H63) -> 5 | AA63: =sum(G63:H63) -> 5 | AB63: 0 | AC63: 0 | AD63: 0 | AE63: 0 | AF63: 0 | AG63: 0
A64: 30 | B64: 4 | X64: =S64+V64 -> 0 | Y64: =T64+W64 -> 0 | Z64: =sum(G64:H64) -> 0 | AA64: =sum(G64:H64) -> 0
A65: 1 | B65: 5 | X65: =S65+V65 -> 0 | Y65: =T65+W65 -> 0 | Z65: =sum(G65:H65) -> 0 | AA65: =sum(G65:H65) -> 0
A66: 2 | B66: 5 | X66: =S66+V66 -> 0 | Y66: =T66+W66 -> 0 | Z66: =sum(G66:H66) -> 0 | AA66: =sum(G66:H66) -> 0
A67: 3 | B67: 5 | X67: =S67+V67 -> 0 | Y67: =T67+W67 -> 0 | Z67: =sum(G67:H67) -> 0 | AA67: =sum(G67:H67) -> 0
A68: 4 | B68: 5 | X68: =S68+V68 -> 0 | Y68: =T68+W68 -> 0 | Z68: =sum(G68:H68) -> 0 | AA68: =sum(G68:H68) -> 0
A69: 5 | B69: 5 | X69: =S69+V69 -> 0 | Y69: =T69+W69 -> 0 | Z69: =sum(G69:H69) -> 0 | AA69: =sum(G69:H69) -> 0
A70: 6 | B70: 5 | X70: =S70+V70 -> 0 | Y70: =T70+W70 -> 0 | Z70: =sum(G70:H70) -> 0 | AA70: =sum(G70:H70) -> 0
A71: 7 | B71: 5 | X71: =S71+V71 -> 0 | Y71: =T71+W71 -> 0 | Z71: =sum(G71:H71) -> 0 | AA71: =sum(G71:H71) -> 0
A72: 8 | B72: 5 | X72: =S72+V72 -> 0 | Y72: =T72+W72 -> 0 | Z72: =sum(G72:H72) -> 0 | AA72: =sum(G72:H72) -> 0
A73: 9 | B73: 5 | X73: =S73+V73 -> 0 | Y73: =T73+W73 -> 0 | Z73: =sum(G73:H73) -> 0 | AA73: =sum(G73:H73) -> 0
A74: 10 | B74: 5 | X74: =S74+V74 -> 0 | Y74: =T74+W74 -> 0 | Z74: =sum(G74:H74) -> 0 | AA74: =sum(G74:H74) -> 0
A75: 11 | B75: 5 | X75: =S75+V75 -> 0 | Y75: =T75+W75 -> 0 | Z75: =sum(G75:H75) -> 0 | AA75: =sum(G75:H75) -> 0
... A95: 31 | B95: 5 | X95: =S95+V95 -> 0 | Y95: =T95+W95 -> 0 | Z95: =sum(G95:H95) -> 0 | AA95: =sum(G95:H95) -> 0

Sheet BC TUẦN
A1: NGÀY | B1: THÁNG | C1: VỤ CHÁY VÀ CNCH | G1: CÔNG TÁC KIỂM TRA | Q1: TUYÊN TRUYỀN PCCC | V1: HUẤN LUYỆN PCCC | X1: TỔNG TUYÊN TRUYỀN/HUẤN LUYỆN | Z1: PACC&CNCH của cơ sở theo mẫu PC06 | AB1: PACC&CNCH của CQ CA theo mẫu PC08 | AD1: PA CNCH của CQ CA theo mẫu PC09 | AF1: PACC&CNCH của phương tiện giao thông theo mẫu PC07
C2: VỤ CHÁY THỐNG KÊ | D2: SCLQ ĐẾN PCCC& CNCH | E2: CHI VIỆN | F2: CNCH | G2: ĐỊNH KỲ | I2: ĐỘT XUẤT | K2: HƯỚNG DẪN | L2: KIẾN NGHỊ | M2: XỬ PHẠT | N2: TIỀN PHẠT (triệu đồng) | O2: ĐÌNH CHỈ | P2: PHỤC HỒI | Q2: TIN BÀI | R2: PHÓNG SỰ | S2: SỐ LỚP TUYÊN TRUYỀN | T2: SỐ NGƯỜI THAM DỰ | U2: SỐ KHUYẾN CÁO, TỜ RƠI ĐÃ PHÁT | V2: SỐ LỚP HUẤN LUYỆN | W2: SỐ NGƯỜI THAM DỰ | X2: SỐ LỚP | Y2: SỐ NGƯỜI THAM DỰ | Z2: SỐ PA XÂY DỰNG VÀ PHÊ DUYỆT | AA2: SỐ PA ĐƯỢC THỰC TẬP | AB2: SỐ PA XÂY DỰNG VÀ PHÊ DUYỆT | AC2: SỐ PA ĐƯỢC THỰC TẬP | AD2: SỐ PA XÂY DỰNG VÀ PHÊ DUYỆT | AE2: SỐ PA ĐƯỢC THỰC TẬP | AF2: SỐ PA XÂY DỰNG VÀ PHÊ DUYỆT | AG2: SỐ PA ĐƯỢC THỰC TẬP
G3: NHÓM I | H3: NHÓM II | I3: NHÓM I | J3: NHÓM II
A4: 26/02-04/03/2026 | B4: 2 - 3 | C4: =SUM('BC NGÀY 1'!C106:C108)+SUM('BC NGÀY'!C4:C7) -> 0 | D4: =SUM('BC NGÀY 1'!D106:D108)+SUM('BC NGÀY'!D4:D7) -> 2 | E4: =SUM('BC NGÀY 1'!E106:E108)+SUM('BC NGÀY'!E4:E7) -> 0 | F4: =SUM('BC NGÀY 1'!F106:F108)+SUM('BC NGÀY'!F4:F7) -> 2 | G4: =SUM('BC NGÀY 1'!G106:G108)+SUM('BC NGÀY'!G4:G7) -> 19 | H4: =SUM('BC NGÀY 1'!H106:H108)+SUM('BC NGÀY'!H4:H7) -> 4 | I4: =SUM('BC NGÀY 1'!I106:I108)+SUM('BC NGÀY'!I4:I7) -> 0 | J4: =SUM('BC NGÀY 1'!J106:J108)+SUM('BC NGÀY'!J4:J7) -> 0 | ... AG4: =SUM('BC NGÀY 1'!AG106:AG108)+SUM('BC NGÀY'!AG4:AG7) -> 0
A5: 05/03-11/03/2926 | B5: 3 | C5: =sum('BC NGÀY'!C8:C14) -> 0 | D5: =sum('BC NGÀY'!D8:D14) -> 0 | E5: =sum('BC NGÀY'!E8:E14) -> 0 | F5: =sum('BC NGÀY'!F8:F14) -> 0 | G5: =sum('BC NGÀY'!G8:G14) -> 104 | H5: =sum('BC NGÀY'!H8:H14) -> 68 | I5: =sum('BC NGÀY'!I8:I14) -> 0 | J5: =sum('BC NGÀY'!J8:J14) -> 0 | ... AG5: =sum('BC NGÀY'!AG8:AG14) -> 0
A6: 12/03-18/03/2026 | B6: 3 | C6: =sum('BC NGÀY'!C15:C21) -> 0 | D6: =sum('BC NGÀY'!D15:D21) -> 2 | E6: =sum('BC NGÀY'!E15:E21) -> 0 | F6: =sum('BC NGÀY'!F15:F21) -> 0 | G6: =sum('BC NGÀY'!G15:G21) -> 110 | H6: =sum('BC NGÀY'!H15:H21) -> 83 | I6: =sum('BC NGÀY'!I15:I21) -> 2 | J6: =sum('BC NGÀY'!J15:J21) -> 0 | ... AG6: =sum('BC NGÀY'!AG15:AG21) -> 0
A7: 19/3-25/3/2026 | B7: 3 | C7: =sum('BC NGÀY'!C22:C28) -> 1 | D7: =sum('BC NGÀY'!D22:D28) -> 4 | E7: =sum('BC NGÀY'!E22:E28) -> 0 | F7: =sum('BC NGÀY'!F22:F28) -> 1 | G7: =sum('BC NGÀY'!G22:G28) -> 13 | H7: =sum('BC NGÀY'!H22:H28) -> 12 | I7: =sum('BC NGÀY'!I22:I28) -> 0 | J7: =sum('BC NGÀY'!J22:J28) -> 0 | ... AG7: =sum('BC NGÀY'!AG22:AG28) -> 0
A8: 26/3-01/4/2026 | B8: 3 | C8: =sum('BC NGÀY'!C29:C35) -> 0 | D8: =sum('BC NGÀY'!D29:D35) -> 9 | E8: =sum('BC NGÀY'!E29:E35) -> 1 | F8: =sum('BC NGÀY'!F29:F35) -> 0 | G8: =sum('BC NGÀY'!G29:G35) -> 14 | H8: =sum('BC NGÀY'!H29:H35) -> 23 | I8: =sum('BC NGÀY'!I29:I35) -> 0 | J8: =sum('BC NGÀY'!J29:J35) -> 1 | ... AD8: =sum('BC NGÀY'!AD29:AD35) -> 0 | AE8: =sum('BC NGÀY'!AE29:AE34) -> 0 | AF8: =sum('BC NGÀY'!AF29:AF34) -> 0 | AG8: =sum('BC NGÀY'!AG29:AG34) -> 0
A9: 02/4-08/4/2026 | B9: 4 | C9: =sum('BC NGÀY'!C36:C42) -> 0 | D9: =sum('BC NGÀY'!D36:D42) -> 6 | E9: =sum('BC NGÀY'!E36:E42) -> 0 | F9: =sum('BC NGÀY'!F36:F42) -> 0 | G9: =sum('BC NGÀY'!G36:G42) -> 34 | H9: =sum('BC NGÀY'!H36:H42) -> 24 | I9: =sum('BC NGÀY'!I36:I42) -> 0 | J9: =sum('BC NGÀY'!J36:J42) -> 1 | ... AG9: =sum('BC NGÀY'!AG36:AG42) -> 0
A10: 09/4-15/4/2026 | B10: 4 | C10: =sum('BC NGÀY'!C43:C49) -> 0 | D10: =sum('BC NGÀY'!D43:D49) -> 6 | E10: =sum('BC NGÀY'!E43:E49) -> 1 | F10: =sum('BC NGÀY'!F43:F49) -> 1 | G10: =sum('BC NGÀY'!G43:G49) -> 43 | H10: =sum('BC NGÀY'!H43:H49) -> 23 | I10: =sum('BC NGÀY'!I43:I49) -> 0 | J10: =sum('BC NGÀY'!J43:J49) -> 1 | ... AG10: =sum('BC NGÀY'!AG43:AG49) -> 0
A11: 16/4-22/4/2026 | B11: 4 | C11: =sum('BC NGÀY'!C50:C56) -> 0 | D11: =sum('BC NGÀY'!D50:D56) -> 9 | E11: =sum('BC NGÀY'!E50:E56) -> 0 | F11: =sum('BC NGÀY'!F50:F56) -> 0 | G11: =sum('BC NGÀY'!G50:G56) -> 20 | H11: =sum('BC NGÀY'!H50:H56) -> 10 | I11: =sum('BC NGÀY'!I50:I56) -> 5 | J11: =sum('BC NGÀY'!J50:J56) -> 7 | ... AG11: =sum('BC NGÀY'!AG50:AG56) -> 0
A12: 23/4-29/4/2026 | B12: 4 | C12: =sum('BC NGÀY'!C57:C63) -> 0 | D12: =sum('BC NGÀY'!D57:D63) -> 5 | E12: =sum('BC NGÀY'!E57:E63) -> 0 | F12: =sum('BC NGÀY'!F57:F63) -> 0 | G12: =sum('BC NGÀY'!G57:G63) -> 14 | H12: =sum('BC NGÀY'!H57:H63) -> 24 | I12: =sum('BC NGÀY'!I57:I63) -> 6 | J12: =sum('BC NGÀY'!J57:J63) -> 6 | ... AG12: =sum('BC NGÀY'!AG57:AG63) -> 0

Sheet BC THÁNG
A1: THÁNG | B1: VỤ CHÁY VÀ CNCH | F1: CÔNG TÁC KIỂM TRA | P1: TUYÊN TRUYỀN PCCC | U1: HUẤN LUYỆN PCCC | W1: TỔNG TUYÊN TRUYỀN/HUẤN LUYỆN | Y1: PACC&CNCH của cơ sở theo mẫu PC06 | AA1: PACC&CNCH của CQ CA theo mẫu PC08 | AC1: PA CNCH của CQ CA theo mẫu PC09 | AE1: PACC&CNCH của phương tiện giao thông theo mẫu PC07
B2: VỤ CHÁY THỐNG KÊ | C2: SCLQ ĐẾN PCCC& CNCH | D2: CHI VIỆN | E2: CNCH | F2: ĐỊNH KỲ | H2: ĐỘT XUẤT | J2: HƯỚNG DẪN | K2: KIẾN NGHỊ | L2: XỬ PHẠT | M2: TIỀN PHẠT (triệu đồng) | N2: ĐÌNH CHỈ | O2: PHỤC HỒI | P2: TIN BÀI | Q2: PHÓNG SỰ | R2: SỐ LỚP TUYÊN TRUYỀN | S2: SỐ NGƯỜI THAM DỰ | T2: SỐ KHUYẾN CÁO, TỜ RƠI ĐÃ PHÁT | U2: SỐ LỚP HUẤN LUYỆN | V2: SỐ NGƯỜI THAM DỰ | W2: SỐ LỚP | X2: SỐ NGƯỜI THAM DỰ | Y2: SỐ PA XÂY DỰNG VÀ PHÊ DUYỆT | Z2: SỐ PA ĐƯỢC THỰC TẬP | AA2: SỐ PA XÂY DỰNG VÀ PHÊ DUYỆT | AB2: SỐ PA ĐƯỢC THỰC TẬP | AC2: SỐ PA XÂY DỰNG VÀ PHÊ DUYỆT | AD2: SỐ PA ĐƯỢC THỰC TẬP | AE2: SỐ PA XÂY DỰNG VÀ PHÊ DUYỆT | AF2: SỐ PA ĐƯỢC THỰC TẬP
F3: NHÓM I | G3: NHÓM II | H3: NHÓM I | I3: NHÓM II
A4: Thống kê T2 (14 - 28/02/26) | B4: 1 | C4: 11 | D4: 0 | E4: 0 | F4: 0 | G4: 2 | H4: 0 | I4: 0 | J4: 8 | K4: 0 | L4: 0 | M4: 0 | N4: 0 | O4: 0 | P4: 0 | Q4: 0 | R4: 1 | S4: 258 | T4: 258 | U4: 0 | V4: 0 | W4: =R4+U4 -> 1 | X4: =S4+V4 -> 258 | Y4: 2 | Z4: 2 | AA4: 0 | AB4: 0 | AC4: 0 | AD4: 0 | AE4: 0 | AF4: 0
A5: Thống kê T3 (01 - 14/03/26) | B5: =sum('BC NGÀY'!C4:C16) -> 0 | C5: =sum('BC NGÀY'!D4:D16) -> 0 | D5: =sum('BC NGÀY'!E4:E16) -> 0 | E5: =sum('BC NGÀY'!F4:F16) -> 2 | F5: =sum('BC NGÀY'!G4:G16) -> 167 | G5: =sum('BC NGÀY'!H4:H16) -> 101 | H5: =sum('BC NGÀY'!I4:I16) -> 0 | I5: =sum('BC NGÀY'!J4:J16) -> 0 | ... AF5: =sum('BC NGÀY'!AG4:AG16) -> 0
A6: T3 | B6: =SUM(B4:B5) -> 1 | C6: =SUM(C4:C5) -> 11 | D6: =SUM(D4:D5) -> 0 | E6: =SUM(E4:E5) -> 2 | F6: =SUM(F4:F5) -> 167 | G6: =SUM(G4:G5) -> 103 | H6: =SUM(H4:H5) -> 0 | I6: =SUM(I4:I5) -> 0 | ... O6: =SUM(O4:O5) -> 0 | P6: 10 | Q6: =SUM(Q4:Q5) -> 0 | R6: =SUM(R4:R5) -> 3 | S6: =SUM(S4:S5) -> 1033 | T6: =SUM(T4:T5) -> 1033 | U6: =SUM(U4:U5) -> 4 | V6: =SUM(V4:V5) -> 170 | W6: =SUM(W4:W5) -> 7 | X6: =SUM(X4:X5) -> 1203 | ... AF6: =SUM(AF4:AF5) -> 0
A7: T4 | B7: =sum('BC NGÀY'!C17:C47) -> 1 | C7: =sum('BC NGÀY'!D17:D47) -> 26 | D7: =sum('BC NGÀY'!E17:E47) -> 2 | E7: =sum('BC NGÀY'!F17:F47) -> 2 | F7: =sum('BC NGÀY'!G17:G47) -> 159 | G7: =sum('BC NGÀY'!H17:H47) -> 131 | H7: =sum('BC NGÀY'!I17:I47) -> 2 | I7: =sum('BC NGÀY'!J17:J47) -> 2 | ... AF7: =sum('BC NGÀY'!AG17:AG47) -> 0

Sheet BC QUÝ
A1: QUÝ | B1: VỤ CHÁY VÀ CNCH | F1: CÔNG TÁC KIỂM TRA | P1: TUYÊN TRUYỀN PCCC | U1: HUẤN LUYỆN PCCC | W1: TỔNG TUYÊN TRUYỀN/HUẤN LUYỆN | Y1: PACC&CNCH của cơ sở theo mẫu PC06 | AA1: PACC&CNCH của CQ CA theo mẫu PC08 | AC1: PA CNCH của CQ CA theo mẫu PC09 | AE1: PACC&CNCH của phương tiện giao thông theo mẫu PC07
B2: VỤ CHÁY THỐNG KÊ | C2: SCLQ ĐẾN PCCC& CNCH | D2: CHI VIỆN | E2: CNCH | F2: ĐỊNH KỲ | H2: ĐỘT XUẤT | J2: HƯỚNG DẪN | K2: KIẾN NGHỊ | L2: XỬ PHẠT | M2: TIỀN PHẠT (triệu đồng) | N2: ĐÌNH CHỈ | O2: PHỤC HỒI | P2: TIN BÀI | Q2: PHÓNG SỰ | R2: SỐ LỚP TUYÊN TRUYỀN | S2: SỐ NGƯỜI THAM DỰ | T2: SỐ KHUYẾN CÁO, TỜ RƠI ĐÃ PHÁT | U2: SỐ LỚP HUẤN LUYỆN | V2: SỐ NGƯỜI THAM DỰ | W2: SỐ LỚP | X2: SỐ NGƯỜI THAM DỰ | Y2: SỐ PA XÂY DỰNG VÀ PHÊ DUYỆT | Z2: SỐ PA ĐƯỢC THỰC TẬP | AA2: SỐ PA XÂY DỰNG VÀ PHÊ DUYỆT | AB2: SỐ PA ĐƯỢC THỰC TẬP | AC2: SỐ PA XÂY DỰNG VÀ PHÊ DUYỆT | AD2: SỐ PA ĐƯỢC THỰC TẬP | AE2: SỐ PA XÂY DỰNG VÀ PHÊ DUYỆT | AF2: SỐ PA ĐƯỢC THỰC TẬP
F3: NHÓM I | G3: NHÓM II | H3: NHÓM I | I3: NHÓM II
A4: T1 | B4: =SUM('BC NGÀY 1'!C33:C63) -> 0 | C4: =SUM('BC NGÀY 1'!D33:D63) -> 15 | D4: =SUM('BC NGÀY 1'!E33:E63) -> 2 | E4: =SUM('BC NGÀY 1'!F33:F63) -> 2 | F4: =SUM('BC NGÀY 1'!G33:G63) -> 115 | G4: =SUM('BC NGÀY 1'!H33:H63) -> 51 | H4: =SUM('BC NGÀY 1'!I33:I63) -> 2 | J4: 1087 | K4: 5 | L4: 5 | M4: 112 | N4: =SUM('BC NGÀY 1'!O33:O63) -> 0 | O4: 2 | P4: 7 | Q4: 4 | R4: 23 | S4: 5863 | T4: 6200 | U4: 104 | V4: 4331 | W4: 127 | X4: 10194 | Y4: 147 | Z4: 147 | AA4: 18 | AB4: 18 | AC4: 0 | AD4: 0 | AE4: 0 | AF4: 0
A5: T2 | B5: =SUM('BC NGÀY 1'!C64:C93) -> 2 | C5: =SUM('BC NGÀY 1'!D64:D93) -> 39 | D5: =SUM('BC NGÀY 1'!E64:E93) -> 1 | E5: =SUM('BC NGÀY 1'!F64:F93) -> 1 | F5: =SUM('BC NGÀY 1'!G64:G93) -> 206 | G5: =SUM('BC NGÀY 1'!H64:H93) -> 75 | H5: =SUM('BC NGÀY 1'!I64:I93) -> 4 | J5: 2012 | K5: 11 | L5: 11 | M5: 170 | N5: =SUM('BC NGÀY 1'!O64:O93) -> 0 | O5: =SUM('BC NGÀY 1'!P64:P93) -> 7 | P5: 6 | Q5: 1 | R5: 13 | S5: 5915 | T5: 5915 | U5: 57 | V5: 2748 | W5: 70 | X5: 8663 | Y5: 277 | Z5: 277 | AA5: 24 | AB5: 24 | AC5: 0 | AD5: 0 | AE5: 0 | AF5: 0
A6: T3 | B6: 1 | C6: 11 | D6: 0 | E6: 2 | F6: 167 | G6: 103 | H6: 0 | I6: 0 | J6: 2078 | K6: 0 | L6: 0 | M6: 0 | N6: 0 | O6: 0 | P6: 10 | Q6: 0 | R6: 3 | S6: 1033 | T6: 1033 | U6: 4 | V6: 170 | W6: 7 | X6: 1203 | Y6: 270 | Z6: 270 | AA6: 3 | AB6: 3 | AC6: 0 | AD6: 0 | AE6: 0 | AF6: 0
A7: Quý I | B7: =sum(B4:B6) -> 3 | C7: =sum(C4:C6) -> 65 | D7: =sum(D4:D6) -> 3 | E7: =sum(E4:E6) -> 5 | F7: =sum(F4:F6) -> 488 | G7: =sum(G4:G6) -> 229 | H7: =sum(H4:H6) -> 6 | I7: =sum(I4:I6) -> 0 | ... AF7: =sum(AF4:AF6) -> 0

Sheet BC TUẦN 1
A1: NGÀY | B1: THÁNG | C1: VỤ CHÁY VÀ CNCH | G1: CÔNG TÁC KIỂM TRA | P1: TUYÊN TRUYỀN PCCC | T1: HUẤN LUYỆN PCCC | V1: TỔNG TUYÊN TRUYỀN/HUẤN LUYỆN | X1: PACC&CNCH của cơ sở theo mẫu PC06 | Z1: PACC&CNCH của CQ CA theo mẫu PC08 | AB1: PA CNCH của CQ CA theo mẫu PC09 | AD1: PACC&CNCH của phương tiện giao thông theo mẫu PC07
C2: VỤ CHÁY CÓ THỐNG KÊ | D2: SỰ CỐ LIÊN QUAN ĐẾN PCCC&CNCH | E2: VỤ CHÁY CHI VIỆN | F2: CNCH | G2: NHÓM I | H2: NHÓM II | I2: ĐỘT XUẤT | J2: HƯỚNG DẪN | K2: KIẾN NGHỊ | L2: XỬ PHẠT | M2: TIỀN PHẠT (triệu đồng) | N2: ĐÌNH CHỈ | O2: PHỤC HỒI | P2: TIN BÀI, PHÓNG SỰ | Q2: SỐ LỚP TUYÊN TRUYỀN | R2: SỐ NGƯỜI THAM DỰ | S2: SỐ KHUYẾN CÁO, TỜ RƠI ĐÃ PHÁT | T2: SỐ LỚP HUẤN LUYỆN | U2: SỐ NGƯỜI THAM DỰ | V2: SỐ LỚP | W2: SỐ NGƯỜI THAM DỰ | X2: SỐ PA XÂY DỰNG VÀ PHÊ DUYỆT | Y2: SỐ PA ĐƯỢC THỰC TẬP | Z2: SỐ PA XÂY DỰNG VÀ PHÊ DUYỆT | AA2: SỐ PA ĐƯỢC THỰC TẬP | AB2: SỐ PA XÂY DỰNG VÀ PHÊ DUYỆT | AC2: SỐ PA ĐƯỢC THỰC TẬP | AD2: SỐ PA XÂY DỰNG VÀ PHÊ DUYỆT | AE2: SỐ PA ĐƯỢC THỰC TẬP
A3: 13/11-19/11/2025 | B3: 11 | C3: =sum('BC NGÀY 1'!C3:C7) -> 0 | D3: =sum('BC NGÀY 1'!D3:D7) -> 1 | E3: =sum('BC NGÀY 1'!E3:E7) -> 0 | F3: =sum('BC NGÀY 1'!F3:F7) -> 1 | G3: =sum('BC NGÀY 1'!G3:G7) -> 6 | H3: =sum('BC NGÀY 1'!H3:H7) -> 13 | I3: =sum('BC NGÀY 1'!I19:I25) -> 0 | J3: =sum('BC NGÀY 1'!J3:J7) -> 111 | K3: =sum('BC NGÀY 1'!K3:K7) -> 0 | L3: =sum('BC NGÀY 1'!L3:L7) -> 0 | M3: =sum('BC NGÀY 1'!M3:M7) -> 0 | N3: =sum('BC NGÀY 1'!N3:N7) -> 0 | O3: =sum('BC NGÀY 1'!O3:O7) -> 0 | P3: =sum('BC NGÀY 1'!P3:P7) -> 0 | Q3: =sum('BC NGÀY 1'!Q3:Q7) -> 1 | ... U3: =sum('BC NGÀY 1'!U3:U7) -> 0 | V3: =Q3+T3 -> 1 | W3: =R3+U3 -> 1200 | X3: =sum('BC NGÀY 1'!X3:X7) -> 19 | Y3: =sum('BC NGÀY 1'!Y3:Y7) -> 0 | Z3: =sum('BC NGÀY 1'!Z3:Z7) -> 0 | AA3: =sum('BC NGÀY 1'!AA3:AA7) -> 0 | AB3: =sum('BC NGÀY 1'!AB3:AB7) -> 0 | AC3: =sum('BC NGÀY 1'!AC3:AC7) -> 0 | AD3: =sum('BC NGÀY 1'!AD3:AD7) -> 0 | AE3: =sum('BC NGÀY 1'!AE3:AE7) -> 0
A4: 20/11-26/11/2025 | B4: 11 | C4: =sum('BC NGÀY 1'!C8:C14) -> 1 | D4: =sum('BC NGÀY 1'!D8:D14) -> 2 | E4: =sum('BC NGÀY 1'!E8:E14) -> 0 | F4: =sum('BC NGÀY 1'!F8:F14) -> 0 | G4: =sum('BC NGÀY 1'!G8:G14) -> 3 | H4: =sum('BC NGÀY 1'!H8:H14) -> 2 | I4: =sum('BC NGÀY 1'!I20:I26) -> 0 | J4: =sum('BC NGÀY 1'!J8:J14) -> 33 | K4: =sum('BC NGÀY 1'!K8:K14) -> 0 | L4: =sum('BC NGÀY 1'!L8:L14) -> 0 | M4: =sum('BC NGÀY 1'!M8:M14) -> 0 | N4: =sum('BC NGÀY 1'!N8:N14) -> 0 | O4: =sum('BC NGÀY 1'!O8:O14) -> 0 | P4: =sum('BC NGÀY 1'!P8:P14) -> 0 | Q4: =sum('BC NGÀY 1'!Q8:Q14) -> 0 | ... U4: =sum('BC NGÀY 1'!U8:U14) -> 0 | V4: =Q4+T4 -> 0 | W4: =R4+U4 -> 0 | X4: =sum('BC NGÀY 1'!X8:X14) -> 5 | Y4: =sum('BC NGÀY 1'!Y8:Y14) -> 0 | Z4: =sum('BC NGÀY 1'!Z8:Z14) -> 0 | AA4: =sum('BC NGÀY 1'!AA8:AA14) -> 0 | AB4: =sum('BC NGÀY 1'!AB8:AB14) -> 0 | AC4: =sum('BC NGÀY 1'!AC8:AC14) -> 0 | AD4: =sum('BC NGÀY 1'!AD8:AD14) -> 0 | AE4: =sum('BC NGÀY 1'!AE8:AE14) -> 0
A5: 27/11-03/12/2025 | B5: 12 | C5: =sum('BC NGÀY 1'!C15:C21) -> 0 | D5: =sum('BC NGÀY 1'!D15:D21) -> 0 | E5: =sum('BC NGÀY 1'!E15:E21) -> 0 | F5: =sum('BC NGÀY 1'!F15:F21) -> 0 | G5: =sum('BC NGÀY 1'!G15:G21) -> 3 | H5: =sum('BC NGÀY 1'!H15:H21) -> 20 | I5: =sum('BC NGÀY 1'!I21:I27) -> 0 | J5: =sum('BC NGÀY 1'!J15:J21) -> 156 | K5: =sum('BC NGÀY 1'!K15:K21) -> 0 | L5: =sum('BC NGÀY 1'!L15:L21) -> 0 | M5: =sum('BC NGÀY 1'!M15:M21) -> 0 | N5: =sum('BC NGÀY 1'!N15:N21) -> 0 | O5: =sum('BC NGÀY 1'!O15:O21) -> 0 | P5: =sum('BC NGÀY 1'!P15:P21) -> 1 | Q5: =sum('BC NGÀY 1'!Q15:Q21) -> 2 | ... U5: =sum('BC NGÀY 1'!U15:U21) -> 512 | V5: =Q5+T5 -> 13 | W5: =R5+U5 -> 1087 | X5: 23 | Y5: 23 | Z5: =sum('BC NGÀY 1'!Z15:Z21) -> 2 | AA5: =sum('BC NGÀY 1'!AA15:AA21) -> 2 | AB5: =sum('BC NGÀY 1'!AB15:AB21) -> 0 | AC5: =sum('BC NGÀY 1'!AC15:AC21) -> 0 | AD5: =sum('BC NGÀY 1'!AD15:AD21) -> 0 | AE5: =sum('BC NGÀY 1'!AE15:AE21) -> 0
A6: 04/12-10/12/2025 | B6: 12 | C6: =sum('BC NGÀY 1'!C22:C28) -> 0 | D6: =sum('BC NGÀY 1'!D22:D28) -> 2 | E6: =sum('BC NGÀY 1'!E22:E28) -> 1 | F6: =sum('BC NGÀY 1'!F22:F28) -> 0 | G6: =sum('BC NGÀY 1'!G22:G28) -> 10 | H6: =sum('BC NGÀY 1'!H22:H28) -> 25 | I6: =sum('BC NGÀY 1'!I22:I28) -> 1 | J6: =sum('BC NGÀY 1'!J22:J28) -> 218 | ... U6: =sum('BC NGÀY 1'!U22:U28) -> 458 | V6: =Q6+T6 -> 7 | W6: =R6+U6 -> 458 | X6: =sum('BC NGÀY 1'!X22:X28) -> 35 | Y6: =sum('BC NGÀY 1'!Y22:Y28) -> 0 | Z6: =sum('BC NGÀY 1'!Z22:Z28) -> 1 | AA6: =sum('BC NGÀY 1'!AA22:AA28) -> 1 | AB6: =sum('BC NGÀY 1'!AB22:AB28) -> 0 | AC6: =sum('BC NGÀY 1'!AC22:AC28) -> 0 | AD6: =sum('BC NGÀY 1'!AD22:AD28) -> 0 | AE6: =sum('BC NGÀY 1'!AE22:AE28) -> 0
A7: 11/12-17/12/2025 | B7: 12 | C7: =sum('BC NGÀY 1'!C29:C35) -> 0 | D7: =sum('BC NGÀY 1'!D29:D35) -> 1 | E7: =sum('BC NGÀY 1'!E29:E35) -> 0 | F7: =sum('BC NGÀY 1'!F29:F35) -> 1 | G7: =sum('BC NGÀY 1'!G29:G35) -> 20 | H7: =sum('BC NGÀY 1'!H29:H35) -> 23 | I7: =sum('BC NGÀY 1'!I29:I35) -> 0 | J7: =sum('BC NGÀY 1'!J29:J35) -> 289 | ... U7: =sum('BC NGÀY 1'!U29:U35) -> 910 | V7: =Q7+T7 -> 20 | W7: =R7+U7 -> 3010 | X7: =sum('BC NGÀY 1'!X29:X35) -> 36 | Y7: =sum('BC NGÀY 1'!Y29:Y35) -> 0 | Z7: =sum('BC NGÀY 1'!Z29:Z35) -> 4 | AA7: =sum('BC NGÀY 1'!AA29:AA35) -> 4 | AB7: =sum('BC NGÀY 1'!AB29:AB35) -> 0 | AC7: =sum('BC NGÀY 1'!AC29:AC35) -> 0 | AD7: =sum('BC NGÀY 1'!AD29:AD35) -> 0 | AE7: =sum('BC NGÀY 1'!AE29:AE35) -> 0
A8: 18/12-24/12/2025 | B8: 12 | C8: =sum('BC NGÀY 1'!C36:C42) -> 0 | D8: =sum('BC NGÀY 1'!D36:D42) -> 4 | E8: =sum('BC NGÀY 1'!E36:E42) -> 1 | F8: =sum('BC NGÀY 1'!F36:F42) -> 0 | G8: =sum('BC NGÀY 1'!G36:G42) -> 8 | H8: =sum('BC NGÀY 1'!H36:H42) -> 6 | I8: =sum('BC NGÀY 1'!I36:I42) -> 0 | J8: =sum('BC NGÀY 1'!J36:J42) -> 102 | ... U8: =sum('BC NGÀY 1'!U36:U42) -> 1295 | V8: =Q8+T8 -> 32 | W8: =R8+U8 -> 1695 | X8: =sum('BC NGÀY 1'!X36:X42) -> 9 | Y8: =sum('BC NGÀY 1'!Y36:Y42) -> 9 | Z8: =sum('BC NGÀY 1'!Z36:Z42) -> 8 | AA8: =sum('BC NGÀY 1'!AA36:AA42) -> 8 | AB8: =sum('BC NGÀY 1'!AB36:AB42) -> 0 | AC8: =sum('BC NGÀY 1'!AC36:AC42) -> 0 | AD8: =sum('BC NGÀY 1'!AD36:AD42) -> 0 | AE8: =sum('BC NGÀY 1'!AE36:AE42) -> 0
A9: 25/12- 31/12/2025 | B9: 1 | C9: =sum('BC NGÀY 1'!C43:C49) -> 0 | D9: =sum('BC NGÀY 1'!D43:D49) -> 1 | E9: =sum('BC NGÀY 1'!E43:E49) -> 0 | F9: =sum('BC NGÀY 1'!F43:F49) -> 1 | G9: =sum('BC NGÀY 1'!G43:G49) -> 12 | H9: =sum('BC NGÀY 1'!H43:H49) -> 7 | I9: =sum('BC NGÀY 1'!I43:I49) -> 0 | J9: =sum('BC NGÀY 1'!J43:J49) -> 31 | ... U9: =sum('BC NGÀY 1'!U43:U49) -> 1497 | V9: =Q9+T9 -> 49 | W9: =R9+U9 -> 4470 | X9: =sum('BC NGÀY 1'!X43:X49) -> 13 | Y9: =sum('BC NGÀY 1'!Y43:Y49) -> 13 | Z9: =sum('BC NGÀY 1'!Z43:Z49) -> 6 | AA9: =sum('BC NGÀY 1'!AA43:AA49) -> 6 | AB9: =sum('BC NGÀY 1'!AB43:AB49) -> 0 | AC9: =sum('BC NGÀY 1'!AC43:AC49) -> 0 | AD9: =sum('BC NGÀY 1'!AD43:AD49) -> 0 | AE9: =sum('BC NGÀY 1'!AE43:AE49) -> 0
A10: 01/01-07/01/2026 | B10: 1 | C10: =sum('BC NGÀY 1'!C50:C56) -> 0 | D10: =sum('BC NGÀY 1'!D50:D56) -> 3 | E10: =sum('BC NGÀY 1'!E50:E56) -> 1 | F10: =sum('BC NGÀY 1'!F50:F56) -> 0 | G10: =sum('BC NGÀY 1'!G50:G56) -> 17 | H10: =sum('BC NGÀY 1'!H50:H56) -> 7 | I10: =sum('BC NGÀY 1'!I50:I56) -> 1 | J10: =sum('BC NGÀY 1'!J50:J56) -> 175 | ... U10: =sum('BC NGÀY 1'!U50:U56) -> 753 | V10: =Q10+T10 -> 21 | W10: =R10+U10 -> 1093 | X10: =sum('BC NGÀY 1'!X50:X56) -> 24 | Y10: =sum('BC NGÀY 1'!Y50:Y56) -> 24 | Z10: =sum('BC NGÀY 1'!Z50:Z56) -> 0 | AA10: =sum('BC NGÀY 1'!AA50:AA56) -> 0 | AB10: =sum('BC NGÀY 1'!AB50:AB56) -> 0 | AC10: =sum('BC NGÀY 1'!AC50:AC56) -> 0 | AD10: =sum('BC NGÀY 1'!AD50:AD56) -> 0 | AE10: =sum('BC NGÀY 1'!AE50:AE56) -> 0
A11: 08/01-14/01/2026 | B11: 1 | C11: =sum('BC NGÀY 1'!C57:C63) -> 0 | D11: =sum('BC NGÀY 1'!D57:D63) -> 6 | E11: =sum('BC NGÀY 1'!E57:E63) -> 0 | F11: =sum('BC NGÀY 1'!F57:F63) -> 1 | G11: =sum('BC NGÀY 1'!G57:G63) -> 74 | H11: =sum('BC NGÀY 1'!H57:H63) -> 28 | I11: =sum('BC NGÀY 1'!I57:I63) -> 1 | J11: =sum('BC NGÀY 1'!J57:J63) -> 730 | ... AE11: =sum('BC NGÀY 1'!AE57:AE63) -> 0
A12: 15/01-21/01/2026 | B12: 1 | C12: =sum('BC NGÀY 1'!C64:C70) -> 1 | D12: =sum('BC NGÀY 1'!D64:D70) -> 4 | E12: =sum('BC NGÀY 1'!E64:E70) -> 0 | F12: =sum('BC NGÀY 1'!F64:F70) -> 1 | G12: =sum('BC NGÀY 1'!G64:G70) -> 70 | H12: =sum('BC NGÀY 1'!H64:H70) -> 16 | I12: =sum('BC NGÀY 1'!I64:I70) -> 0 | J12: =sum('BC NGÀY 1'!J64:J70) -> 625 | ... AE12: =sum('BC NGÀY 1'!AE64:AE70) -> 0
A13: 22/01-28/01/2026 | B13: 1 | C13: =sum('BC NGÀY 1'!C71:C77) -> 0 | D13: =sum('BC NGÀY 1'!D71:D77) -> 11 | E13: =sum('BC NGÀY 1'!E71:E77) -> 0 | F13: =sum('BC NGÀY 1'!F71:F77) -> 0 | G13: =sum('BC NGÀY 1'!G71:G77) -> 28 | H13: =sum('BC NGÀY 1'!H71:H77) -> 9 | I13: =sum('BC NGÀY 1'!I71:I77) -> 0 | J13: =sum('BC NGÀY 1'!J71:J77) -> 269 | ... AE13: =sum('BC NGÀY 1'!AE71:AE77) -> 0
A14: 29/01-04/02/2026 | B14: 46054 | C14: =sum('BC NGÀY 1'!C78:C84) -> 1 | D14: =sum('BC NGÀY 1'!D78:D84) -> 14 | E14: =sum('BC NGÀY 1'!E78:E84) -> 1 | F14: =sum('BC NGÀY 1'!F78:F84) -> 0 | G14: =sum('BC NGÀY 1'!G78:G84) -> 51 | H14: =sum('BC NGÀY 1'!H78:H84) -> 25 | I14: =sum('BC NGÀY 1'!I78:I84) -> 1 | J14: =sum('BC NGÀY 1'!J78:J84) -> 602 | ... AE14: =sum('BC NGÀY 1'!AE78:AE84) -> 0
A15: 05/02-11/02/2026 | B15: 2 | C15: =sum('BC NGÀY 1'!C85:C91) -> 0 | D15: =sum('BC NGÀY 1'!D85:D91) -> 10 | E15: =sum('BC NGÀY 1'!E85:E91) -> 0 | F15: =sum('BC NGÀY 1'!F85:F91) -> 0 | G15: =sum('BC NGÀY 1'!G85:G91) -> 56 | H15: =sum('BC NGÀY 1'!H85:H91) -> 23 | I15: =sum('BC NGÀY 1'!I85:I91) -> 3 | J15: =sum('BC NGÀY 1'!J85:J91) -> 500 | ... AE15: =sum('BC NGÀY 1'!AE85:AE91) -> 0
A16: 12/02-18/02/2026 | B16: 2 | C16: =sum('BC NGÀY 1'!C92:C98) -> 0 | D16: =sum('BC NGÀY 1'!D92:D98) -> 5 | E16: =sum('BC NGÀY 1'!E92:E98) -> 0 | F16: =sum('BC NGÀY 1'!F92:F98) -> 0 | G16: =sum('BC NGÀY 1'!G92:G98) -> 1 | H16: =sum('BC NGÀY 1'!H92:H98) -> 2 | I16: =sum('BC NGÀY 1'!I92:I98) -> 0 | J16: =sum('BC NGÀY 1'!J92:J98) -> 16 | ... AE16: =sum('BC NGÀY 1'!AE92:AE98) -> 0
A17: 19/02-25/02/2026 | B17: 2 | C17: =sum('BC NGÀY 1'!C99:C105) -> 1 | D17: =sum('BC NGÀY 1'!D99:D105) -> 4 | E17: =sum('BC NGÀY 1'!E99:E105) -> 0 | F17: =sum('BC NGÀY 1'!F99:F105) -> 0 | G17: =sum('BC NGÀY 1'!G99:G105) -> 0 | H17: =sum('BC NGÀY 1'!H99:H105) -> 2 | I17: =sum('BC NGÀY 1'!I99:I105) -> 0 | J17: =sum('BC NGÀY 1'!J99:J105) -> 8 | ... AE17: =sum('BC NGÀY 1'!AE99:AE105) -> 0

Sheet BC THÁNG 1
A1: THÁNG | B1: VỤ CHÁY VÀ CNCH | F1: CÔNG TÁC KIỂM TRA | O1: TUYÊN TRUYỀN PCCC | S1: HUẤN LUYỆN PCCC | U1: TỔNG TUYÊN TRUYỀN/HUẤN LUYỆN | W1: PACC&CNCH của cơ sở theo mẫu PC06 | Y1: PACC&CNCH của CQ CA theo mẫu PC08 | AA1: PA CNCH của CQ CA theo mẫu PC09 | AC1: PACC&CNCH của phương tiện giao thông theo mẫu PC07
B2: VỤ CHÁY CÓ THỐNG KÊ | C2: SỰ CỐ LIÊN QUAN ĐẾN PCCC&CNCH | D2: VỤ CHÁY CHI VIỆN | E2: CNCH | F2: NHÓM I | G2: NHÓM II | H2: ĐỘT XUẤT | I2: HƯỚNG DẪN | J2: KIẾN NGHỊ | K2: XỬ PHẠT | L2: TIỀN PHẠT (triệu đồng) | M2: ĐÌNH CHỈ | N2: PHỤC HỒI | O2: TIN BÀI, PHÓNG SỰ | P2: SỐ LỚP TUYÊN TRUYỀN | Q2: SỐ NGƯỜI THAM DỰ | R2: SỐ KHUYẾN CÁO, TỜ RƠI ĐÃ PHÁT | S2: SỐ LỚP HUẤN LUYỆN | T2: SỐ NGƯỜI THAM DỰ | U2: SỐ LỚP | V2: SỐ NGƯỜI THAM DỰ | W2: SỐ PA XÂY DỰNG VÀ PHÊ DUYỆT | X2: SỐ PA ĐƯỢC THỰC TẬP | Y2: SỐ PA XÂY DỰNG VÀ PHÊ DUYỆT | Z2: SỐ PA ĐƯỢC THỰC TẬP | AA2: SỐ PA XÂY DỰNG VÀ PHÊ DUYỆT | AB2: SỐ PA ĐƯỢC THỰC TẬP | AC2: SỐ PA XÂY DỰNG VÀ PHÊ DUYỆT | AD2: SỐ PA ĐƯỢC THỰC TẬP
A3: 12 | B3: =SUM('BC NGÀY 1'!C3:C31) -> 1 | C3: =SUM('BC NGÀY 1'!D3:D31) -> 5 | D3: =SUM('BC NGÀY 1'!E3:E31) -> 1 | E3: =SUM('BC NGÀY 1'!F3:F31) -> 2 | F3: =SUM('BC NGÀY 1'!G3:G31) -> 38 | G3: =SUM('BC NGÀY 1'!H3:H31) -> 80 | H3: =SUM('BC NGÀY 1'!I3:I31) -> 1 | I3: =SUM('BC NGÀY 1'!J3:J31) -> 758 | ... T3: =SUM('BC NGÀY 1'!U3:U31) -> 1395 | U3: =P3+S3 -> 31 | V3: =Q3+T3 -> 3370 | W3: =SUM('BC NGÀY 1'!X3:X31) -> 118 | X3: =SUM('BC NGÀY 1'!Y3:Y31) -> 0 | Y3: =SUM('BC NGÀY 1'!Z3:Z31) -> 4 | Z3: =SUM('BC NGÀY 1'!AA3:AA31) -> 4 | AA3: =SUM('BC NGÀY 1'!AB3:AB31) -> 0 | AB3: =SUM('BC NGÀY 1'!AC3:AC31) -> 0 | AC3: =SUM('BC NGÀY 1'!AD3:AD31) -> 0 | AD3: =SUM('BC NGÀY 1'!AE3:AE31) -> 0
A4: 46023 | B4: =SUM('BC NGÀY 1'!C33:C63) -> 0 | C4: =SUM('BC NGÀY 1'!D33:D63) -> 15 | D4: =SUM('BC NGÀY 1'!E33:E63) -> 2 | E4: =SUM('BC NGÀY 1'!F33:F63) -> 2 | F4: =SUM('BC NGÀY 1'!G33:G63) -> 115 | G4: =SUM('BC NGÀY 1'!H33:H63) -> 51 | H4: =SUM('BC NGÀY 1'!I33:I63) -> 2 | I4: =SUM('BC NGÀY 1'!J33:J63) -> 1087 | ... M4: =SUM('BC NGÀY 1'!N33:N63) -> 0 | N4: 2 | O4: =SUM('BC NGÀY 1'!P33:P63) -> 11 | P4: =SUM('BC NGÀY 1'!Q33:Q63) -> 23 | Q4: =SUM('BC NGÀY 1'!R33:R63) -> 5863 | R4: =SUM('BC NGÀY 1'!S33:S63) -> 6200 | S4: =SUM('BC NGÀY 1'!T33:T63) -> 104 | T4: =SUM('BC NGÀY 1'!U33:U63) -> 4331 | U4: =SUM('BC NGÀY 1'!V33:V63) -> 127 | V4: =SUM('BC NGÀY 1'!W33:W63) -> 10194 | ... AD4: =SUM('BC NGÀY 1'!AE33:AE63) -> 0
A5: 46054 | B5: =SUM('BC NGÀY 1'!C64:C93) -> 2 | C5: =SUM('BC NGÀY 1'!D64:D93) -> 39 | D5: =SUM('BC NGÀY 1'!E64:E93) -> 1 | E5: =SUM('BC NGÀY 1'!F64:F93) -> 1 | F5: =SUM('BC NGÀY 1'!G64:G93) -> 206 | G5: =SUM('BC NGÀY 1'!H64:H93) -> 75 | H5: =SUM('BC NGÀY 1'!I64:I93) -> 4 | I5: =SUM('BC NGÀY 1'!J64:J93) -> 2012 | ... AD5: =SUM('BC NGÀY 1'!AE64:AE93) -> 0

Sheet BC CAO ĐIỂM 1
A1: NGÀY | B1: CAO ĐIỂM | C1: VỤ CHÁY VÀ CNCH | G1: CÔNG TÁC KIỂM TRA | P1: TUYÊN TRUYỀN PCCC | T1: HUẤN LUYỆN PCCC | V1: TỔNG TUYÊN TRUYỀN/HUẤN LUYỆN | X1: PACC&CNCH của cơ sở theo mẫu PC06 | Z1: PACC&CNCH của CQ CA theo mẫu PC08 | AB1: PA CNCH của CQ CA theo mẫu PC09 | AD1: PACC&CNCH của phương tiện giao thông theo mẫu PC07
C2: VỤ CHÁY CÓ THỐNG KÊ | D2: SỰ CỐ LIÊN QUAN ĐẾN PCCC&CNCH | E2: VỤ CHÁY CHI VIỆN | F2: CNCH | G2: NHÓM I | H2: NHÓM II | I2: ĐỘT XUẤT | J2: HƯỚNG DẪN | K2: KIẾN NGHỊ | L2: XỬ PHẠT | M2: TIỀN PHẠT (triệu đồng) | N2: ĐÌNH CHỈ | O2: PHỤC HỒI | P2: TIN BÀI, PHÓNG SỰ | Q2: SỐ LỚP TUYÊN TRUYỀN | R2: SỐ NGƯỜI THAM DỰ | S2: SỐ KHUYẾN CÁO, TỜ RƠI ĐÃ PHÁT | T2: SỐ LỚP HUẤN LUYỆN | U2: SỐ NGƯỜI THAM DỰ | V2: SỐ LỚP | W2: SỐ NGƯỜI THAM DỰ | X2: SỐ PA XÂY DỰNG VÀ PHÊ DUYỆT | Y2: SỐ PA ĐƯỢC THỰC TẬP | Z2: SỐ PA XÂY DỰNG VÀ PHÊ DUYỆT | AA2: SỐ PA ĐƯỢC THỰC TẬP | AB2: SỐ PA XÂY DỰNG VÀ PHÊ DUYỆT | AC2: SỐ PA ĐƯỢC THỰC TẬP | AD2: SỐ PA XÂY DỰNG VÀ PHÊ DUYỆT | AE2: SỐ PA ĐƯỢC THỰC TẬP
A3: 15 đến 21/12/2025 | B3: TUẦN 1 | C3: =sum('BC NGÀY 1'!C33:C39) -> 0 | D3: 3 | E3: =sum('BC NGÀY 1'!E33:E39) -> 0 | F3: =sum('BC NGÀY 1'!F33:F39) -> 0 | G3: 8 | H3: 2 | I3: =sum('BC NGÀY 1'!I33:I39) -> 0 | J3: =sum('BC NGÀY 1'!J33:J39) -> 151 | K3: =sum('BC NGÀY 1'!K33:K39) -> 1 | L3: =sum('BC NGÀY 1'!L33:L39) -> 1 | M3: =sum('BC NGÀY 1'!M33:M39) -> 4 | N3: =sum('BC NGÀY 1'!N33:N39) -> 0 | O3: =sum('BC NGÀY 1'!O33:O39) -> 0 | P3: =sum('BC NGÀY 1'!P33:P39) -> 0 | ... W3: =sum('BC NGÀY 1'!W33:W39) -> 3053 | X3: 10 | Y3: 10 | Z3: =sum('BC NGÀY 1'!Z33:Z39) -> 8 | AA3: =sum('BC NGÀY 1'!AA33:AA39) -> 8 | AB3: =sum('BC NGÀY 1'!AB33:AB39) -> 0 | AC3: =sum('BC NGÀY 1'!AC33:AC39) -> 0 | AD3: =sum('BC NGÀY 1'!AD33:AD39) -> 0 | AE3: =sum('BC NGÀY 1'!AE33:AE39) -> 0
A4: 22 đến 30/12/2025 | B4: TUẦN 2 | C4: =sum('BC NGÀY 1'!C40:C48) -> 0 | D4: 2 | E4: =sum('BC NGÀY 1'!E40:E48) -> 1 | F4: =sum('BC NGÀY 1'!F40:F48) -> 1 | G4: =sum('BC NGÀY 1'!G40:G48) -> 12 | H4: =sum('BC NGÀY 1'!H40:H48) -> 6 | I4: =sum('BC NGÀY 1'!I40:I48) -> 0 | J4: =sum('BC NGÀY 1'!J40:J48) -> 24 | K4: =sum('BC NGÀY 1'!K40:K48) -> 0 | L4: =sum('BC NGÀY 1'!L40:L48) -> 0 | ... W4: =sum('BC NGÀY 1'!W40:W48) -> 4123 | X4: 18 | Y4: 18 | Z4: =sum('BC NGÀY 1'!Z40:Z48) -> 8 | AA4: =sum('BC NGÀY 1'!AA40:AA48) -> 8 | AB4: =sum('BC NGÀY 1'!AB40:AB48) -> 0 | AC4: =sum('BC NGÀY 1'!AC40:AC48) -> 0 | AD4: =sum('BC NGÀY 1'!AD40:AD48) -> 0 | AE4: =sum('BC NGÀY 1'!AE40:AE48) -> 0
A5: 15 đến 30/12/25 | B5: Đợt 1 | C5: =sum('BC NGÀY 1'!C33:C48) -> 0 | D5: =sum('BC NGÀY 1'!D33:D48) -> 5 | E5: =sum('BC NGÀY 1'!E33:E48) -> 1 | F5: =sum('BC NGÀY 1'!F33:F48) -> 1 | G5: 20 | H5: 8 | I5: =sum('BC NGÀY 1'!I33:I48) -> 0 | J5: =sum('BC NGÀY 1'!J33:J48) -> 175 | K5: =sum('BC NGÀY 1'!K33:K48) -> 1 | L5: =sum('BC NGÀY 1'!L33:L48) -> 1 | M5: =sum('BC NGÀY 1'!M33:M48) -> 4 | N5: =sum('BC NGÀY 1'!N33:N48) -> 0 | O5: =sum('BC NGÀY 1'!O33:O48) -> 0 | P5: =sum('BC NGÀY 1'!P33:P48) -> 6 | ... W5: =sum('BC NGÀY 1'!W33:W48) -> 7176 | X5: 28 | Y5: 28 | Z5: =sum('BC NGÀY 1'!Z33:Z48) -> 16 | AA5: =sum('BC NGÀY 1'!AA33:AA48) -> 16 | AB5: =sum('BC NGÀY 1'!AB33:AB48) -> 0 | AC5: =sum('BC NGÀY 1'!AC33:AC48) -> 0 | AD5: =sum('BC NGÀY 1'!AD33:AD48) -> 0 | AE5: =sum('BC NGÀY 1'!AE33:AE48) -> 0
A6: 31/12/25 đến 14/01/26 | B6: Đợt 2 | C6: =sum('BC NGÀY 1'!C49:C63) -> 0 | D6: =sum('BC NGÀY 1'!D49:D63) -> 10 | E6: =sum('BC NGÀY 1'!E49:E63) -> 1 | F6: =sum('BC NGÀY 1'!F49:F63) -> 1 | G6: 95 | H6: 43 | I6: =sum('BC NGÀY 1'!I49:I63) -> 2 | J6: =sum('BC NGÀY 1'!J49:J63) -> 912 | K6: =sum('BC NGÀY 1'!K49:K63) -> 4 | L6: =sum('BC NGÀY 1'!L49:L63) -> 4 | M6: =sum('BC NGÀY 1'!M49:M63) -> 108 | N6: =sum('BC NGÀY 1'!N49:N63) -> 0 | O6: =sum('BC NGÀY 1'!O49:O63) -> 0 | P6: =sum('BC NGÀY 1'!P49:P63) -> 5 | ... AE6: =sum('BC NGÀY 1'!AE49:AE63) -> 0
A7: 23 đến 30/01 | B7: TUẦN 6 | C7: =sum('BC NGÀY 1'!C72:C79) -> 0 | D7: =sum('BC NGÀY 1'!D72:D79) -> 12 | E7: =sum('BC NGÀY 1'!E72:E79) -> 0 | F7: =sum('BC NGÀY 1'!F72:F79) -> 0 | G7: =sum('BC NGÀY 1'!G72:G79) -> 31 | H7: =sum('BC NGÀY 1'!H72:H79) -> 15 | I7: =sum('BC NGÀY 1'!I72:I79) -> 1 | J7: =sum('BC NGÀY 1'!J72:J79) -> 371 | ... AE7: =sum('BC NGÀY 1'!AE72:AE79) -> 0
A8: 15 đến 30/01 | B8: Đợt 3 | C8: =sum('BC NGÀY 1'!C64:C79) -> 1 | D8: =sum('BC NGÀY 1'!D64:D79) -> 18 | E8: =sum('BC NGÀY 1'!E64:E79) -> 0 | F8: =sum('BC NGÀY 1'!F64:F79) -> 1 | G8: =sum('BC NGÀY 1'!G64:G79) -> 113 | H8: =sum('BC NGÀY 1'!H64:H79) -> 36 | I8: =sum('BC NGÀY 1'!I64:I79) -> 1 | J8: =sum('BC NGÀY 1'!J64:J79) -> 1112 | ... AE8: =sum('BC NGÀY 1'!AE64:AE79) -> 0
A9: Từ 31/1 - 06/02 | B9: TUẦN 7 | C9: =sum('BC NGÀY 1'!C80:C86) -> 1 | D9: =sum('BC NGÀY 1'!D80:D86) -> 15 | E9: =sum('BC NGÀY 1'!E80:E86) -> 1 | F9: =sum('BC NGÀY 1'!F80:F86) -> 0 | G9: =sum('BC NGÀY 1'!G80:G86) -> 65 | H9: =sum('BC NGÀY 1'!H80:H86) -> 24 | I9: =sum('BC NGÀY 1'!I80:I86) -> 1 | J9: =sum('BC NGÀY 1'!J80:J86) -> 650 | ... AE9: =sum('BC NGÀY 1'!AE80:AE86) -> 0
A10: 31/01 đến 13/02 | B10: Đợt 4 | C10: =sum('BC NGÀY 1'!C80:C93) -> 1 | D10: =sum('BC NGÀY 1'!D80:D93) -> 21 | E10: =sum('BC NGÀY 1'!E80:E93) -> 1 | F10: =sum('BC NGÀY 1'!F80:F93) -> 0 | G10: =sum('BC NGÀY 1'!G80:G93) -> 93 | H10: =sum('BC NGÀY 1'!H80:H93) -> 39 | I10: =sum('BC NGÀY 1'!I80:I93) -> 3 | J10: =sum('BC NGÀY 1'!J80:J93) -> 900 | ... AE10: =sum('BC NGÀY 1'!AE80:AE93) -> 0
A11: Từ 07/02 - 13/02 | B11: TUẦN 8 | C11: =sum('BC NGÀY 1'!C87:C93) -> 0 | D11: =sum('BC NGÀY 1'!D87:D93) -> 6 | E11: =sum('BC NGÀY 1'!E87:E93) -> 0 | F11: =sum('BC NGÀY 1'!F87:F93) -> 0 | G11: =sum('BC NGÀY 1'!G87:G93) -> 28 | H11: =sum('BC NGÀY 1'!H87:H93) -> 15 | I11: =sum('BC NGÀY 1'!I87:I93) -> 2 | J11: =sum('BC NGÀY 1'!J87:J93) -> 250 | ... AE11: =sum('BC NGÀY 1'!AE87:AE93) -> 0
A12: Từ 16/02-18/02 | B12: 03 ngày Tết Nguyên đán | C12: =sum('BC NGÀY 1'!C96:C98) -> 0 | D12: =sum('BC NGÀY 1'!D96:D98) -> 2 | E12: =sum('BC NGÀY 1'!E96:E98) -> 0 | F12: =sum('BC NGÀY 1'!F96:F98) -> 0 | G12: =sum('BC NGÀY 1'!G96:G98) -> 0 | H12: =sum('BC NGÀY 1'!H96:H98) -> 0 | I12: =sum('BC NGÀY 1'!I96:I98) -> 0 | J12: =sum('BC NGÀY 1'!J96:J98) -> 0 | ... AE12: =sum('BC NGÀY 1'!AE96:AE98) -> 0
A13: Từ 14/02-19/02 | B13: 06 ngày Tết Nguyên đán | C13: =sum('BC NGÀY 1'!C94:C99) -> 0 | D13: =sum('BC NGÀY 1'!D94:D99) -> 6 | E13: =sum('BC NGÀY 1'!E94:E99) -> 0 | F13: =sum('BC NGÀY 1'!F94:F99) -> 0 | G13: =sum('BC NGÀY 1'!G94:G99) -> 0 | H13: =sum('BC NGÀY 1'!H94:H99) -> 0 | I13: =sum('BC NGÀY 1'!I94:I99) -> 0 | J13: =sum('BC NGÀY 1'!J94:J99) -> 0 | ... AE13: =sum('BC NGÀY 1'!AE94:AE99) -> 0
A14: Từ 14/02 - 20/02 | B14: TUẦN 9 | C14: =SUM('BC NGÀY 1'!C94:C100) -> 0 | D14: =SUM('BC NGÀY 1'!D94:D100) -> 7 | E14: =SUM('BC NGÀY 1'!E94:E100) -> 0 | F14: =SUM('BC NGÀY 1'!F94:F100) -> 0 | G14: =SUM('BC NGÀY 1'!G94:G100) -> 0 | H14: =SUM('BC NGÀY 1'!H94:H100) -> 0 | I14: =SUM('BC NGÀY 1'!I94:I100) -> 0 | J14: =SUM('BC NGÀY 1'!J94:J100) -> 0 | ... AE14: =SUM('BC NGÀY 1'!AE94:AE100) -> 0
A15: Từ 14/02-22/02 | B15: 09 ngày Tết Nguyên đán | C15: =SUM('BC NGÀY 1'!C94:C102) -> 1 | D15: =SUM('BC NGÀY 1'!D94:D102) -> 7 | E15: =SUM('BC NGÀY 1'!E94:E102) -> 0 | F15: =SUM('BC NGÀY 1'!F94:F102) -> 0 | G15: =SUM('BC NGÀY 1'!G94:G102) -> 0 | H15: =SUM('BC NGÀY 1'!H94:H102) -> 0 | I15: =SUM('BC NGÀY 1'!I94:I102) -> 0 | J15: =SUM('BC NGÀY 1'!J94:J102) -> 0 | ... AE15: =SUM('BC NGÀY 1'!AE94:AE102) -> 0
A16: 14/02 đến 27/02 | B16: Đợt 5 | C16: =sum('BC NGÀY 1'!C94:C107) -> 1 | D16: =sum('BC NGÀY 1'!D94:D107) -> 11 | E16: =sum('BC NGÀY 1'!E94:E107) -> 0 | F16: =sum('BC NGÀY 1'!F94:F107) -> 0 | G16: =sum('BC NGÀY 1'!G94:G107) -> 0 | H16: =sum('BC NGÀY 1'!H94:H107) -> 2 | I16: =sum('BC NGÀY 1'!I94:I107) -> 0 | J16: =sum('BC NGÀY 1'!J94:J107) -> 8 | ... AE16: =sum('BC NGÀY 1'!AE94:AE107) -> 0
A17: Từ 15/12/25 - 25/02/26 | C17: =sum('BC NGÀY 1'!C33:C105) -> 3 | D17: =sum('BC NGÀY 1'!D33:D105) -> 63 | E17: =sum('BC NGÀY 1'!E33:E105) -> 3 | F17: =sum('BC NGÀY 1'!F33:F105) -> 3 | G17: =sum('BC NGÀY 1'!G33:G105) -> 321 | H17: =sum('BC NGÀY 1'!H33:H105) -> 128 | I17: =sum('BC NGÀY 1'!I33:I105) -> 6 | J17: =sum('BC NGÀY 1'!J33:J105) -> 3107 | ... AE17: =sum('BC NGÀY 1'!AE33:AE105) -> 0
A18: Từ 21/02 - 27/02 | B18: TUẦN 10 | C18: =sum('BC NGÀY 1'!C101:C107) -> 1 | D18: =sum('BC NGÀY 1'!D101:D107) -> 4 | E18: =sum('BC NGÀY 1'!E101:E107) -> 0 | F18: =sum('BC NGÀY 1'!F101:F107) -> 0 | G18: =sum('BC NGÀY 1'!G101:G107) -> 0 | H18: =sum('BC NGÀY 1'!H101:H107) -> 2 | I18: =sum('BC NGÀY 1'!I101:I107) -> 0 | J18: =sum('BC NGÀY 1'!J101:J107) -> 8 | ... AE18: =sum('BC NGÀY 1'!AE101:AE107) -> 0

Sheet BC CAO ĐIỂM
A1: NGÀY | B1: CAO ĐIỂM | C1: VỤ CHÁY VÀ CNCH | G1: CÔNG TÁC KIỂM TRA | Q1: TUYÊN TRUYỀN PCCC | V1: HUẤN LUYỆN PCCC | X1: TỔNG TUYÊN TRUYỀN/HUẤN LUYỆN | Z1: PACC&CNCH của cơ sở theo mẫu PC06 | AB1: PACC&CNCH của CQ CA theo mẫu PC08 | AD1: PA CNCH của CQ CA theo mẫu PC09 | AF1: PACC&CNCH của phương tiện giao thông theo mẫu PC07
C2: VỤ CHÁY THỐNG KÊ | D2: SCLQ ĐẾN PCCC& CNCH | E2: CHI VIỆN | F2: CNCH | G2: ĐỊNH KỲ | I2: ĐỘT XUẤT | K2: HƯỚNG DẪN | L2: KIẾN NGHỊ | M2: XỬ PHẠT | N2: TIỀN PHẠT (triệu đồng) | O2: ĐÌNH CHỈ | P2: PHỤC HỒI | Q2: TIN BÀI | R2: PHÓNG SỰ | S2: SỐ LỚP TUYÊN TRUYỀN | T2: SỐ NGƯỜI THAM DỰ | U2: SỐ KHUYẾN CÁO, TỜ RƠI ĐÃ PHÁT | V2: SỐ LỚP HUẤN LUYỆN | W2: SỐ NGƯỜI THAM DỰ | X2: SỐ LỚP | Y2: SỐ NGƯỜI THAM DỰ | Z2: SỐ PA XÂY DỰNG VÀ PHÊ DUYỆT | AA2: SỐ PA ĐƯỢC THỰC TẬP | AB2: SỐ PA XÂY DỰNG VÀ PHÊ DUYỆT | AC2: SỐ PA ĐƯỢC THỰC TẬP | AD2: SỐ PA XÂY DỰNG VÀ PHÊ DUYỆT | AE2: SỐ PA ĐƯỢC THỰC TẬP | AF2: SỐ PA XÂY DỰNG VÀ PHÊ DUYỆT | AG2: SỐ PA ĐƯỢC THỰC TẬP
G3: NHÓM I | H3: NHÓM II | I3: NHÓM I | J3: NHÓM II
A4: 28/02 - 07/03 | B4: Tuần 11 | C4: ='BC NGÀY 1'!C108 + sum('BC NGÀY'!C4:C10) -> 0 | D4: ='BC NGÀY 1'!D108 + sum('BC NGÀY'!D4:D10) -> 0 | E4: ='BC NGÀY 1'!E108 + sum('BC NGÀY'!E4:E10) -> 0 | F4: ='BC NGÀY 1'!F108 + sum('BC NGÀY'!F4:F10) -> 2 | G4: =sum('BC NGÀY'!G4:G10) -> 82 | H4: =sum('BC NGÀY'!H4:H10) -> 41 | I4: =sum('BC NGÀY'!I4:I10) -> 0 | J4: =sum('BC NGÀY'!J4:J10) -> 0 | K4: =sum('BC NGÀY'!K4:K10) -> 900 | L4: =sum('BC NGÀY'!L4:L10) -> 0 | M4: =sum('BC NGÀY'!M4:M10) -> 0 | N4: =sum('BC NGÀY'!N4:N10) -> 0 | ... AG4: =sum('BC NGÀY'!AG4:AG10) -> 0
A5: 08/03 - 15/03 | B5: Tuần 12 | C5: =sum('BC NGÀY'!C11:C18) -> 0 | D5: =sum('BC NGÀY'!D11:D18) -> 0 | E5: =sum('BC NGÀY'!E11:E18) -> 0 | F5: =sum('BC NGÀY'!F11:F18) -> 0 | G5: =sum('BC NGÀY'!G11:G18) -> 146 | H5: =sum('BC NGÀY'!H11:H18) -> 114 | I5: =sum('BC NGÀY'!I11:I18) -> 0 | J5: =sum('BC NGÀY'!J11:J18) -> 0 | ... P5: =sum('BC NGÀY'!P11:P18) -> 0 | Q5: 10 | R5: =sum('BC NGÀY'!R11:R18) -> 0 | S5: =sum('BC NGÀY'!S11:S18) -> 1 | T5: =sum('BC NGÀY'!T11:T18) -> 100 | U5: =sum('BC NGÀY'!U11:U18) -> 100 | V5: =sum('BC NGÀY'!V11:V18) -> 3 | W5: =sum('BC NGÀY'!W11:W18) -> 133 | X5: =sum('BC NGÀY'!X11:X18) -> 4 | Y5: =sum('BC NGÀY'!Y11:Y18) -> 233 | ... AG5: =sum('BC NGÀY'!AG11:AG18) -> 0
A6: 28/02 đến 15/03 | B6: Đợt 6 | C6: =sum(C4:C5) -> 0 | D6: =sum(D4:D5) -> 0 | E6: =sum(E4:E5) -> 0 | F6: =sum(F4:F5) -> 2 | G6: =sum(G4:G5) -> 228 | H6: =sum(H4:H5) -> 155 | I6: =sum(I4:I5) -> 0 | J6: =sum(J4:J5) -> 0 | ... AG6: =sum(AG4:AG5) -> 0

Sheet TIN BÀIPHÓNG SỰ
A1: Link | B1: Nội dung
B2: Tin bài | C2: Phóng sự
A3: https://kinhtedothi.vn/phuong-binh-duong-phat-dong-ung-ho-quy-vi-nguoi-ngheo-va-dong-bao-vung-lu.918756.html | B3: Ngày 27/11/2025, Phường Bình Dương phát động ủng hộ Quỹ Vì người nghèo và đồng bào vùng lũ
A4: https://www.facebook.com/share/p/1Azw965oiV/?mibextid=wwXIfr | B4: Vào lúc 19 giờ ngày 20/12/2025, Công an phường Bình Hòa đã phối hợp với Đội Cảnh sát PCCC&CNCH Khu vực 30 tổ chức buổi tuyên truyền, phổ biến kiến thức pháp luật và kỹ năng về phòng cháy, chữa cháy và cứu nạn, cứu hộ cho các doanh nghiệp, hộ kinh doanh và nhà ở kết hợp sản xuất, kinh doanh trên địa bàn phường.
A5: https://nld.com.vn/500-nguoi-tham-gia-tap-huan-ve-pccc-cnch-196251226132353358.htm?gidzl=3qKALgxpo1m8MmnLhUl17WrU0LYmlfL5GW1P3-Mno4101muCiBJ3IqS30bFbvyCUHr5KKMEJXlL-hV3E6m | B5: Khoảng 500 người tại 50 đơn vị trên địa bàn phường Chánh Hiệp và Thủ Dầu Một, TPHCM tham gia lớp huấn luyện nghiệp vụ PCCC & CNCH
A6: https://www.facebook.com/tuoitrethudaumot/posts/pfbid0S4QF27nhmmyEaRuNRfxNEHZDG3q2Q8UqFxsqxAsFjzkwpFmEiu2FrRizPDz8PEfal?rdid=5QPC5P5hZ1G5IYoY# | B6: CÙNG EM VỮNG BƯỚC” – TRANG BỊ KỸ NĂNG TỰ BẢO VỆ CHO THIẾU NHI
A7: https://www.youtube.com/watch?v=qREr7yXxc4U | C7: PHƯỜNG THUẬN GIAO TĂNG CƯỜNG TUYÊN TRUYỀN PCCC CHO HỘ GIA ĐÌNH, NHÀ Ở KẾT HỢP SẢN XUẤT KINH DOANH
A8: https://www.facebook.com/story.php?story_fbid=122128299765114472&id=61583434160182&mibextid=wwXIfr&rdid=uz0XhH6Lkg78J5Ek# | B8: Ngày 29/12/2025, Tổ Cảnh sát trật tự Công an phường Phú Lợi phối hợp Đội CC&CNCH khu vực 30 tiến hành khảo sát, tuyên truyền đối với nhà ở riêng lẻ kết hợp sản xuất, kinh doanh có lắp đặt bảng quảng cáo, cơi nới, lắp đặt, dựng khung - lưới - “chuồng cọp” gây cản trở thoát nạn
A9: https://nld.com.vn/van-dong-ho-kinh-doanh-thao-do-chuong-cop-196251229193350654.htm?gidzl=f1WMTvqXeMsZ1X1qdZYWQwm05NM9QwOvjLOVT8ezgckqK1XrYcclRhK65tRSQg1kj0KKS6OB2O0kdYAdQW | B9: Vận động hộ kinh doanh tháo dỡ "chuồng cọp"
C10: kết họp Đài truyền hình HTV quay phóng sự thực tập phương án cơ sở nguy cơ cháy nổ cao theo kế hoạch 2851/KH-PC07-KV30 ngày 24/12/2025 cho cty TNHH Chawk Technology Việt Nam, tại KCN Phú Tân, cho 25 Đội viên Đội PCCC&CNCH cơ sở và 150 nhân viên cơ sở, (có hình ảnh kèm theo).
A11: https://www.facebook.com/share/v/17dSq1jazB/ | C11: Phối hợp Công an phường Lái Thiêu tổ chức tuyên truyền, phổ biến pháp luật về PCCC&CNCH, kỹ năng xử lý khi có sự cố cháy, nổ xảy ra cho lực lượng ANCS, lực lượng dân phòng, Chủ các hộ kinh doanh, Nhà để ở kết hợp SXKD trên địa bàn
A12: https://www.facebook.com/share/p/1Jo32XSzuK/?mibextid=wwXIfr | B12: Tuyên truyền PCCC & CNCH - An toàn từ mỗi ngôi nhà | D12: 46022
A13: https://www.facebook.com/share/v/1Fzf2pBiBw/ | C13: Đội KV30 phối hợp với Công an phường An Phú tổ chức 01 Hội nghị tuyên truyền tăng cường giải pháp PCCC cho cán bộ, công chức, viên chức trên địa bàn phường An Phú
A14: https://youtu.be/sjIRrgt-npg?si=pwl5dfbRbc-sHF62 | C14: Nâng cao công tác PCCC tại chợ truyền thống
A15: https://www.facebook.com/share/p/17wVQXDZLK/?mibextid=wwXIfr | B15: Cùng em vững bước” - Kỹ năng phòng cháy chữa cháy và cứu nạn, cứu hộ (20/01/2026)
A16: https://www.facebook.com/share/p/16Fz43T2YQ/?mibextid=wwXIfr | B16: HÀNH TRÌNH “CÙNG EM VỮNG BƯỚC” – KỸ NĂNG PHÒNG CHÁY, CHỮA CHÁY VÀ CỨU NẠN, CỨU HỘ 🚒 (27/01/2026)
A17: https://tuoitrethudo.vn/chu-dong-bao-dam-an-toan-pccc-tai-mieu-ba-thien-hau-300698.html | B17: Chủ động bảo đảm an toàn PCCC tại Miếu Bà Thiên Hậu (09/02/2026)
A18: https://ngaymoionline.com.vn/chu-dong-bao-dam-an-toan-phong-chay-chua-chay-tai-mieu-ba-thien-hau-truoc-mua-le-hoi-63330.html | B18: Chủ động bảo đảm an toàn phòng cháy, chữa cháy tại Miếu Bà Thiên Hậu trước mùa lễ hội (09/02/2026)
A19: https://youtu.be/qpeGkLQknmg?si=2T-9COJ-TQRLwwzY | C19: TĂNG CƯỜNG AN TOÀN PCCC CHỢ TRUYỀN THỐNG CAO ĐIỂM TẾT NGUYÊN ĐÁN (10/02/2026)
A20: https://baovanhoa.vn/doi-song/tphcm-chu-dong-phong-ngua-chay-no-tai-mieu-ba-thien-hau-truoc-mua-le-hoi-203978.html?zarsrc=30&utm_source=zalo&utm_medium=zalo&utm_campaign=zalo | B20: Chủ động phòng ngừa cháy nổ tại Miếu Bà Thiên Hậu trước mùa lễ hội (10/02/2026)
A21: https://nld.com.vn/canh-bao-nguy-co-chay-no-trong-mua-hanh-kho-dip-tet-nguyen-dan-binh-ngo-196260210133738892.htm | B21: Cảnh báo nguy cơ cháy, nổ trong mùa hanh khô dịp Tết Nguyên đán Bính Ngọ(11/02/2026)
A22: https://nld.com.vn/cong-an-tphcm-tuyen-truyen-ve-chay-no-va-duoi-nuoc-tai-truong-hoc-19626032313495156.htm | B22: Tuyên truyền về phòng chống cháy nổ và đuối nước tại trường học (23/3/2026)
A36: (Dùng hàm "=Counta()" để đếm ô có giá trị) Tổng: | B36: =COUNTA(B3:B35) -> 14 | C36: =COUNTA(C3:C35) -> 6

Sheet TUYÊN TRUYỀN
A1: THỐNG KÊ TUYÊN TRUYỀN
A2: STT | B2: Ngày, tháng tuyên truyền | C2: Tên cơ sở | D2: Địa chỉ | E2: Số người tham gia | F2: Tờ rơi | G2: App Help 114 | H2: Ghi chú
A3: 1 | B3: 45978 | C3: Trường Trung - Tiểu học Pétrus Ký | D3: Phường Thủ Dầu Một, thành phố Hồ Chí Minh | E3: 1200
A4: =A3+1 -> 2 | B4: 45986 | C4: Trường mầm non Hoạ Mi | D4: Phường Thủ Dầu Một, thành phố Hồ Chí Minh | E4: 200
A5: =A4+1 -> 3 | B5: 45986 | D5: Phường Bình Dương, thành phố Hồ Chí Minh | E5: 900 | H5: Phối hợp Phường, xã
A6: =A5+1 -> 4 | B6: 45989 | C6: Trường mầm non Hoa Mai | D6: Phường Bình Dương, thành phố Hồ Chí Minh | E6: 455
A7: =A6+1 -> 5 | B7: 45990 | C7: Chung cư First Home Bình Dương | D7: Phường Thuận An, thành phố Hồ Chí Minh | E7: 120
A8: 6 | B8: 46001 | D8: Phường Thuận Giao, thành phố Hồ Chí Minh | E8: 200 | F8: 200 | G8: 200 | H8: Phối hợp Phường, xã
A9: =A8+1 -> 7 | B9: 46005 | C9: Trường THPT Nguyễn Trãi | D9: Phường Lái Thiêu, thành phố Hồ Chí Minh | E9: 1900 | F9: 0 | G9: 0
A10: 8 | B10: 46012 | C10: Chung cư Opal Skyline | D10: Phường Lái Thiêu, thành phố Hồ Chí Minh | E10: 300
C11: Trung tâm văn hóa Phường Bình Hòa | D11: Phường Bình Hòa, thành phố Hồ CHí Minh | E11: 100 | F11: 100 | G11: 100 | H11: Phối hợp Phường, xã
A12: 9 | B12: 46017 | C12: Trường Tiểu Học Trần Phú | D12: phường Thủ Dầu Một, thành phố Hồ Chí Minh | E12: 700
C13: Các đối tượng lực lượng PCCC cơ sở 50 đơn vị | D13: Địa bàn phường Chánh Hiệp và Thủ Dầu Một | E13: 260
C14: CAP Thuận Giao | E14: 175 | H14: Phối hợp Phường, xã
A15: 10 | B15: 46018 | C15: Chung cư Happy ONe | E15: 70
C16: CAP Thuận An | E16: 90 | H16: Phối hợp Phường, xã
A17: 11 | B17: 46019 | C17: CAP Thuận An | E17: 232 | H17: Phối hợp Phường, xã
C18: CAP Thuận Giao | E18: 226 | F18: 2100 | H18: Phối hợp Phường, xã
A19: 12 | B19: 46020 | C19: CAP Chánh Hiệp | E19: 100 | F19: 100 | H19: Phối hợp Phường, xã
C20: CAP Phú Lợi | E20: 20 | F20: 260 | H20: Phối hợp Phường, xã
A21: 13 | B21: 46021 | C21: CAP Lái Thiêu | D21: Địa bàn phường Lái Thiêu | E21: 350 | F21: 350 | G21: 350 | H21: Phối hợp Phường, xã
C22: CAP Chánh Hiệp | E22: 120 | F22: 120 | G22: 120 | H22: Phối hợp Phường, xã
C23: CAP Thuận Giao và CAP Chánh Hiệp | D23: Địa bàn phường Thuận Giao và Chánh Hiệp | E23: 490 | F23: 2700 | H23: Phối hợp Phường, xã
A24: 14 | B24: 46022 | C24: CAP An Phú | D24: Địa bàn phường An Phú | E24: 200 | F24: 200 | H24: Phối hợp Phường, xã
A25: 15 | B25: 46028 | C25: CAP Lái Thiêu | D25: Địa bàn phường Lái Thiêu | E25: 35 | F25: 35 | H25: Phối hợp Phường, xã
C26: CAP Bình Dương | D26: Địa bàn phường Bình Dương | E26: 50 | F26: 50 | H26: Phối hợp Phường, xã
A27: 16 | B27: 46030 | C27: Công ty TNHH Signal | D27: Địa bàn phường Bình Dương | E27: 150 | F27: 150 | H27: Phối hợp Phường, xã
A28: 17 | B28: 46035 | C28: CAP Lái Thiêu | D28: Địa bàn phường Lái Thiêu | E28: 100 | F28: 100 | H28: Phối hợp Phường, xã
A29: 18 | B29: 46036 | C29: Trường mầm non Cộng Đồng Tí Hon | D29: Địa bàn phường Thủ Dầu Một | E29: 40 | F29: 40
A30: 19 | B30: 46037 | C30: Trường Cao đẳng Việt Hàn | D30: Địa bàn phường Phú Lợi | E30: 100 | F30: 100
C31: Trường mầm non Cộng Đồng Tí Hon | D31: Địa bàn phường Thủ Dầu Một | E31: 36 | F31: 36
A32: 20 | B32: 46041 | C32: Trường Tiểu học Tương Bình Hiệp | E32: 1100 | F32: 1100
C33: Trường THCS Nguyễn Thị Minh Khai | E33: 500 | F33: 500
A34: 21 | B34: 46048 | C34: trường THCS Tương Bình Hiệp | D34: Địa bàn phường Chánh Hiệp | E34: 950 | F34: 950
A35: 22 | B35: 46049 | C35: trường Tiểu học Nguyễn Trãi | D35: Địa bàn phường Thủ Dầu Một | E35: 500 | F35: 500

Sheet HUẤN LUYỆN
A1: THỐNG KÊ HUẤN LUYỆN
A2: STT | B2: Ngày, tháng huấn luyện | C2: Tên cơ sở | D2: Số người tham gia | E2: Tờ rơi | F2: App Help 114 | G2: Ghi chú
A3: 1 | B3: 45990 | C3: Công ty TNHH Onamba Việt Nam | D3: 25
A4: 2 | B4: 45990 | C4: Công ty TNHH SNP | D4: 36
A5: 3 | B5: 45992 | C5: Công ty TNHH Yokohama Tyre VN | D5: 90
A6: 4 | B6: 45993 | C6: Công ty TNHH Nitto Denko Việt Nam | D6: 92
A7: 5 | B7: 45996 | C7: Công ty CP Sữa VN - Nhà máy Sữa Bột VN | D7: 60
A8: 6 | B8: 45997 | C8: Công ty TNHH Công Nghệ In Alliance; Công ty TNHH TSUCHIYA TSCO (Việt Nam); Công ty TNHH trung tâm thép NST Sài Gòn; Công ty TNHH Việt Nam Dong Yun Plate Making; Công ty TNHH NATco (Việt Nam) tại Đội KV30; | D8: 124
C9: Công ty TNHH Shuan Hwa Industrial VN | D9: 40
A10: 7 | B10: 46000 | C10: Công ty TNHH nhựa Việt Nam; đường số 6, KCN Sóng Thần 3, phường Bình Dương | D10: 25
A11: 8 | B11: 46001 | C11: Công Ty Cổ Phần Đầu Tư Sản Xuất Thương Mại Tín An | D11: 64
C12: Công ty TNHH Sycamore | D12: 55
C13: Công ty TNHH Mapletree | D13: 153
A14: 9 | B14: 46002 | C14: Công ty TNHH Mapletree Logistics Park; Công ty TNHH Buyemd Logistics; Công ty TNHH Dược phẩm MEDX; Công ty TNHH GlaxoSmithKline hàng tiêu dùng và chăm sóc sức khỏe Việt Nam; Công ty TNHH Blum Việt Nam; Công ty Cổ phần The Supra; Công ty TNHH LF Logistics Việt Nam; Công ty TNHH Crown Worldwide; Công ty TNHH Circa Pharmacy | D14: 153 | G14: HL chung trong 3 ngày, 10/12/2025 đã báo
A15: 10 | B15: 46003 | C15: Công ty TNHH Sansho Việt Nam | D15: 25
C16: Công ty TNHH Mapletree 1 Warehouse ( Việt Nam) | D16: 20
C17: Chi Nhánh Công ty TNHH Sản Xuất Giày Dép Grand Gain | D17: 25 | G17: Huấn luyện nghiệp vụ + Thực tập phương án
C18: Công ty TNHH DAE YOUNG HARNESS VINA | D18: 25
C19: Công ty TNHH Sohwa Sài Gòn. | D19: 25
C20: Công ty TNHH DDK Việt Nam | D20: 25
A21: 11 | B21: 13/13/2025 | C21: Công ty TNHH Liên Doanh Stellapharm | D21: 153
C22: Công ty TNHH Việt Nam TNT Fibers | D22: 20
A23: 12 | B23: 46005 | C23: Công ty TNHH Hi-tech Wines Asia | D23: 25
C24: Công ty TNHH Mega Step Electronics VN | D24: 106
C25: Công ty hóa keo Bình Thạnh | D25: 35 | G25: Huấn luyện nghiệp vụ + Thực tập phương án
A26: 13 | B26: 46006 | C26: Công ty Cổ phần Việt Hương | D26: 20
C27: Công ty Cổ phần Dược phẩm Imexpharm | D27: 40
A28: 14 | B28: 46007 | C28: Công ty TNHH Liên doanh Việt Thái Plastchem | D28: 20
C29: Công ty TNHH Detmold Packaging Việt Nam | D29: 66
A30: 15 | B30: 46008 | C30: Công ty ô tô Toyota Việt Nam tại TP.Hồ Chí Minh | D30: 36
C31: Công ty TNHH Bình Dương Chinh Long | D31: 70
A32: 16 | B32: 46009 | C32: Công ty Khuôn Ngải Thành + Chánh Phẩm | D32: 50
C33: Công ty TNHH VIỆT NAM E.C.I ELASTIC | D33: 45
C34: CÔNG TY TNHH TAHSING ELECTRIC WIRE & CABLE VN | D34: 30
C35: Công ty TNHH Yuwa VN | D35: 25
A36: 17 | B36: 46010 | C36: Công ty TNHH MTV Modelleisenbahn VN | D36: 30
C37: Công ty TING SHO + Công ty TNHH JHan Yue Garment VN | D37: 36
C38: Công ty TNHH Điện Tử Foster VN | D38: 25
C39: Công ty TNHH CCL Label VN | D39: 25
C40: CÔNG TY TNHH HYUN DAE SM VINA | D40: 20
A41: 18 | B41: 46011 | C41: Công ty TNHH Hercules VN | D41: 25
C42: Công Ty TNHH Thêu Dương Thăng | D42: 30
C43: Công ty TNHH Box-Pak VN | D43: 65
C44: Công ty CP SXTM Nhật Tân | D44: 38
C45: Công ty TNHH Tribeco Bình Dương | D45: 30
C46: Trường mầm non Trúc Xanh | D46: 191
C47: CÔNG TY TNHH SEO KWANG VINA E.V.A | D47: 20 | G47: Huấn luyện nghiệp vụ + Thực tập phương án
C48: Công Ty TNHH Nippon Chemiphar VN | D48: 25
C49: Công ty TNHH Nội thất MêKông | D49: 25 | G49: Huấn luyện nghiệp vụ + Thực tập phương án
A50: 19 | B50: 46013 | C50: Công ty TNHH Chaei Yang Việt Nam | D50: 41 | G50: Huấn luyện nghiệp vụ + Thực tập phương án
C51: Công Ty TNHH Key Plastics | D51: 25
C52: Công ty TNHH Omron Healthcare Manufacturing VN | D52: 37
C53: CÔNG TY CỔ PHẦN MONDELEZ KINH ĐÔ VN | D53: 94
C54: Công ty TNHH thực phẩm Pepsico VN | D54: 41
A55: 20 | B55: 46014 | C55: Công ty TNHH Ka Hong | D55: 70
C56: Công Ty TNHH VINA SHOWA | D56: 35
C57: Công ty TNHH PHIL INTER PHARMA | D57: 50
C58: Công ty TNHH Asuzac ACM | D58: 25
C59: Công ty TNHH NIDEC SV PROBE VN | D59: 30
A60: 21 | B60: 46015 | C60: Công ty TNHH Puwote Technology VN | D60: 40
C61: Công ty TNHH Kyoritsu Bussan VN | D61: 25
C62: Huấn luyện nghiệp vụ PCCC cho đối tượng là thành viên Đội PCCC cơ sở và người thực hiện nhiệm vụ PCCC cơ sở của các cơ quan doanh nghiệp trên địa bàn phường Chánh Hiệp | D62: 237
A63: 22 | B63: 46016 | C63: Công ty TNHH Bình Đông Sài Gòn | D63: 20
C64: Công ty TNHH gốm sứ Minh Phát phân xưởng 1, 2,4 Công ty TNHH gốm sứ Minh Phát phân xưởng 3 | D64: 79
C65: Công ty TNHH Leading Star VN | D65: 35
A66: 23 | B66: 46017 | C66: CÔNG TY TNHH VIỆT NAM JANIE COLOR PLASTICS | D66: 21
C67: Công ty TNHH Long Vân | D67: 25
C68: Công ty TNHH Finect | D68: 20
C69: Công ty TNHH Therm-X System VN | D69: 35
C70: công ty MUSASHI | D70: 20
C71: Công ty TNHH Nagai + Công ty TNHH Posco + Cty Daily Fully | D71: 20
C72: Công ty TNHH Uchihashi | D72: 25
A73: 24 | B73: 46018 | C73: Công ty cổ phần Trần Đức | D73: 25
C74: Công ty TNHH may mặc Hung Kiu | D74: 40
C75: Công ty TNHH Zeng Hsing | D75: 20
C76: Công ty TNHH Thiên Phúc Lộc TPL; Công ty TNHH dịch vụ giải trí Karaoke Như Ý; Công ty TNHH TM XNK Hà Khánh; Công ty TNHH dược phẩm Fitopharma; CN Công ty TNHH Jang Trim; Công ty TNHH giáo dục Hạnh Phúc Trẻ Thơ; Công ty TNHH TM DV SX sự kiện quảng cáo Mạnh Thái; Công ty TNHH sản xuất thương mại xây dựng cơ khí Việt Minh Long; Công ty cổ phần Hạo Phương; Công ty TNHH Thương mại - Kỹ thuật- Dịch vụ Hiệp Thành; CN Công ty CPTM Nguyễn Kim - TTMS Nguyễn Kim Thuận An; Công ty TNHH In ấn Bao Bì Việt Phát | D76: 150
C77: Công ty TNHH Sài Gòn Knitwear | D77: 30
C78: Trường Trung - Tiểu học - Pétrus Ký | D78: 94
C79: Chi nhánh Công ty TNHH Oupeng Funiture Việt Nam | D79: 25
A80: 25 | B80: 46020 | C80: Công ty TNHH Dynamo VN | D80: 35
C81: Công ty TNHH Ngói Bê Tông SCG | D81: 20
C82: công ty TNHH Pungkook Sài Gòn III | D82: 25
C83: Công ty TNHH Alkana VN | D83: 25
C84: Công ty TNHH Boston | D84: 42
C85: Công ty TNHH Givaudan | D85: 25
C86: Công ty TNHH Tokyu (trung tâm mua sắm Sora Gardens SC) | D86: 59
A87: 26 | B87: 46021 | C87: Công ty TNHH Abbott Healthcare VN | D87: 25
C88: Khách sạn Hiive Bình Dương | D88: 25
C89: Công ty TNHH Multi- Color VN | D89: 41
C90: Công ty TNHH Chiến Thắng | D90: 31
C91: Công ty TNHH Fischer Asia | D91: 25
C92: Công ty TNHH Thiết Chưởng | D92: 20
C93: Công ty Cổ phần Bệnh viện đa khoa Quốc tế Hạnh Phúc | D93: 49
A94: 27 | B94: 46022 | C94: Công ty TNHH Rheem VN | D94: 49
C95: Công ty cổ phần thực phẩm Sun Do- Chi nhánh Bình Dương | D95: 25
C96: Chi nhánh Resan tis Việt Nam- Công ty TNHH MTV Dược Sài Gòn | D96: 20
C97: Công ty TNHH Insulpack VN | D97: 20
C98: Công ty TNHH TM DV ô tô Hòa Bình Minh | D98: 25
C99: Công ty TNHH ASG | D99: 40
C100: Cụm Công Nghiệp Phú Chánh, Phường Bình Dương, TP. HCM | D100: 239
...

Sheet PHƯƠNG ÁN
A1: THỐNG KÊ PHƯƠNG ÁN
A2: STT | B2: Ngày, tháng TTPA | C2: Tên cơ sở được thực tập | D2: Địa chỉ | E2: Số lượng xe xuất | F2: Ghi chú
A3: 1 | B3: 45967 | C3: Công ty TNHH Aeon Việt Nam Chi nhánh Bình Dương | D3: Số 1, Đại Lộ Bình Dương, Khu phố Bình Giao, phường Thuận Giao, thành phố Hồ Chí Minh, Việt Nam | E3: 4
A4: 2 | B4: 45990 | C4: Chung cư First Home Bình Dương | D4: Phường Thuận An, thành phố Hồ Chí Minh | E4: 1
A5: 3 | B5: 45992 | C5: Sân Golf Sông Bé | D5: Phường Lái Thiêu, thành phố Hồ Chí Minh | E5: 1
A6: 4 | B6: 46001 | C6: Công ty Cổ phần đầu tư sản xuất thương mại Tín An | D6: Lô B1, đường D3, Khu công nghiệp Đồng An, phường Bình Dương, TP. Hồ Chí Minh, Việt Nam | E6: 2
A7: 5 | B7: 46003 | C7: Chi Nhánh Công ty TNHH Sản Xuất Giày Dép Grand Gain | D7: Nhà xưởng 20, Đường Tiên Phong 16, Giai đoạn 3A2-2, KCN BW Supply Chain City, Phường Bình Dương, Thành phố Hồ Chí Minh, Việt Nam | E7: 2
A8: 6 | B8: 46005 | C8: Công ty TNHH Hóa keo Bình Thạnh | D8: Thửa đất số 181, 155, tổ 4, khu phố Bình Phước B, phường An Phú, thành phố Hồ Chí Minh | E8: 2
A9: 7 | B9: 46006 | C9: Công ty cổ phần Nhựa Tín Kim | D9: KCN Đồng An 2 | E9: 2
A10: 8 | B10: 46007 | C10: Công ty TNHH Detmold Packaging Việt Nam | D10: KCN Đồng An 2 | E10: 2
A11: 9 | B11: 46008 | C11: Công ty TNHH MM Mega Market (việt nam) Chi nhánh Bình Dương | D11: Đại Lộ Bình Dương, Phường Thủ Dầu Một, TP. Hồ Chí Minh | E11: 2
A12: 10 | B12: 46009 | C12: Công ty TNHH VIỆT NAM E.C.I ELASTIC | D12: KCN Đai Đăng, phường Bình Dương | E12: 2
C13: Công ty cổ phần nhựa Thiếu Niên Tiền Phong Phía Nam | E13: 2
C14: Công ty TNHH Bệnh viện đa khoa Phương Chi | E14: 2
A15: 11 | B15: 46010 | C15: Công ty TNHH MTV Modelleisenbahn Việt Nam | D15: KCN BW, phường Bình Dương | E15: 2
C16: Công ty TING SHO + Công ty TNHH Jhan Yue Garment VN | D16: KCN Đại Đăng, phường Bình Dương | E16: 2
A17: 12 | B17: 46011 | C17: Công ty TNHH Seo Kwang Vina E.V.A | D17: Bình Chuẩn 62, khu phố Bình Phước B, thành phố Hồ Chí Minh | E17: 1
A18: 13 | B18: 46012 | C18: Chung cư Opal Skyline | D18: Phường Lái Thiêu, thành phồ Hồ Chí Minh | E18: 2
A19: 14 | B19: 46013 | C19: Công ty Cổ phần MODELEZ Kinh Đô | D19: KCN VSIP I | E19: 2 | F19: Báo cáo Bù vào ngày 24/12/2025
C20: Công ty TNHH Chaei Yang Việt Nam | E20: 2
A21: 15 | B21: 46014 | C21: Công ty TNHH Ka Hong (Việt Nam) | E21: 2
A22: 16 | B22: 46015 | C22: Trung tâm thương mại siêu thị Lotte Mart | D22: Phường Lái Thiêu, TP Hồ Chí Minh | E22: 2
C23: Công ty TNHH Kyoritsu Bussan VN | E23: 2
A24: 17 | B24: 46020 | C24: Công ty TNHH Dynamo Việt Nam | E24: 2
C25: Công ty TNHH giặt tẩy Bến Nghé | E25: 2
A26: 18 | B26: 46021 | C26: Công ty Cổ phần Bệnh viện quốc tế Hạnh Phúc | D26: Phường Lái Thiêu, TP Hồ Chí Minh | E26: 3
A27: 19 | B27: 46041 | C27: Công ty TNHH Đại Tây Dương | E27: 2
A28: 20 | B28: 46042 | C28: Công ty TNHH Minh Long I | E28: 2
A29: 21 | B29: 46043 | C29: Công ty TNHH Jia Tai | E29: 2
C30: Công ty TNHH Vascogarmens | E30: 2

Sheet VỤ CHÁY THỐNG KÊ
A1: Vụ cháy CÓ Thống kê
A2: STT | B2: NGÀY XẢY RA VỤ CHÁY | C2: VỤ CHÁY | D2: THỜI GIAN | E2: ĐỊA ĐIỂM | F2: PHÂN LOẠI | G2: NGUYÊN NHÂN | H2: THIỆT HẠI VỀ NGƯỜI | I2: THIỆT HẠI TÀI SẢN | J2: TÀI SẢN CỨU CHỮA | K2: THỜI GIAN TỚI ĐÁM CHÁY | L2: THỜI GIAN KHỐNG CHẾ | M2: THỜI GIAN DẬP TẮT HOÀN TOÀN | N2: SỐ LƯỢNG XE | O2: CHỈ HUY CHỮA CHÁY | P2: GHI CHÚ
A3: 1 | B3: 45984 | C3: Chi nhánh Công ty TNHH Thương mại dịch vụ Đức Anh Phát | D3: 01 giờ 30 phút | E3: Thửa đất số 478, tờ bản đồ số 80, khu phố 1B, phường An Phú, Thành phố Hồ Chí Minh | G3: Đang điều tra | H3: 0 | K3: 01 giờ 40 phút, ngày 23/11/2025 | M3: 21 giờ 20 phút, ngày 23/11/2025 | N3: 5 | O3: Thượng tá Lê Quốc Bảo, Phó Trưởng phòng.
A4: 2 | B4: 46039 | C4: Cháy 02 đầu kéo mang biển kiểm soát: 95H-006.11 và 95H-003.11 | D4: 10 giờ 03 phút | E4: Thửa đất số 810, tờ bản đồ số DC3-3, Khu phố Hòa Long, Phường Lái Thiêu, thành phố Hồ Chí Minh | G4: Do sự cố chạm chập đường dây dẫn điện | H4: 0 | I4: 214000000 | J4: 1000000000 | K4: 10 giờ 20 phút ngày 17/01/2026 | M4: 10 giờ 40 phút ngày 17/01/2026 | N4: 3 | O4: Thiếu tá Tô Ngọc Thanh, Phó Đội trưởng
A5: 3 | B5: 46053 | C5: Cháy phòng kỹ thuật, tầng 4 khu chung cư Hoà Bình (Chung cư cao 23 tầng nổi và 02 tầng hầm) | D5: 17 giờ 39 phút | E5: phường Bình Hoà, Thành phố Hồ Chí Minh | H5: 0 | I5: 477000000 | J5: Chống cháy lan ra các khu vực xung quanh (các hộ gia đình) | K5: 17 giờ 43 phút ngày 31/01/2026 | M5: 18 giờ 00 phút ngày 31/01/2026 | N5: 2 | O5: Thiếu tá Tô Ngọc Thanh, Phó Đội trưởng
A6: 4 | B6: 46073 | C6: Cháy xe tải mang biển kiểm soát: 51C - 455.38 tại bãi xe ô tô của Công ty Cổ phần Vận tải Giao nhận TM Thành Đạt | D6: 14 giờ 03 phút | E6: đường Thuận Giao 25, phường Thuận Giao, Thành phố Hồ Chí Minh | G6: theo nhận định ban của nhân viên công ty là ôtô tự cháy | H6: 0 | I6: 40000000 | J6: 100000000 | M6: 14 giờ 17 phút ngày 20/02/2026 | N6: 2 | O6: Đại uý Nguyễn Nguyên Anh
A7: 5 | B7: 46105 | C7: Địa điểm kinh doanh - Công ty TNHH Chuangyu Bình Dương | D7: 17 giờ 20 phút | E7: Số 179 đường DX 77, phường Chánh Hiệp, thành phố Hồ Chí Minh | G7: Đang điều tra | H7: 01 người bị thương | K7: 17 giờ 25 phút | L7: 18 giờ 45 phút | M7: 19 giờ 25 phút ngày 24/3/2026 | N7: 9 | O7: Thiếu tá Hoàng Duy Nam - Đội trưởng | P7: Không thuộc diện quản lý về PCCC

Sheet SCLQ ĐẾN PCCC&CNCH
A1: SỰ CỐ LIÊN QUAN ĐẾN PCCC&CNCH
A2: STT | B2: VỤ CHÁY NGÀY | C2: ĐỊA ĐIỂM | D2: NGUYÊN NHÂN | E2: THIỆT HẠI | F2: CHỈ HUY CHỮA CHÁY | G2: GHI CHÚ
A3: 1 | B3: 45976 | C3: 78, Đại lộ Bình Dương (Quốc lộ 13), phường Lái Thiêu, Thành phố Hồ Chí Minh | D3: Chạm chập dây dẫn điện | E3: Không
A4: 2 | B4: 45984 | C4: 4/1B khu phố Hoà Long, phường Lái Thiêu, Thành phố Hồ Chí Minh | D4: Do chạm chập pin trên xe gây cháy pin | E4: Không
A5: 3 | B5: 45986 | C5: 13B/10A, Đường D2, khu phố Bình Thuận 2, Phường Thuận Giao, Thành phố Hồ Chí Minh | D5: Do thắp nến (đèn cầy) trên bàn thờ | E5: Không
A6: 4 | B6: 45999 | C6: Số A18B, khu phố Bình Đức, phường Lái Thiêu, Thành phố Hồ Chí Minh | E6: Không
A7: 5 | B7: 46000 | C7: Cháy củi, gỗ trên xe tải BKS 60C-121.22, địa chỉ: đường An Phú 35, phường An Phú, Thành phố Hồ Chí Minh | E7: Không
A8: 6 | B8: 46009 | C8: Đường Võ Văn Kiệt, phường Hòa Phú, Thành phố Hồ Chí Minh | D8: Cháy cỏ | E8: Không
C9: Công ty TNHH Bình Đông Sài Gòn, địa chỉ: số 338/2, khu phố 1B, phường An Phú, Thành phố Hồ Chí Minh | D9: Chập điện tại bộ phận sạc | E9: Không
A10: 7 | B10: 46011 | C10: Số 566 đường Nguyễn Thị Minh Khai, phường Phú Lợi, Thành phố Hồ Chí Minh. | D10: Chạm chập dây dẫn điện | E10: Không
A11: 8 | B11: 46014 | C11: Đường Bùi Văn Bình, phường Phú Lợi, Thành phố Hồ Chí Minh | D11: Cháy cỏ | E11: Không
A12: 9 | B12: 46021 | C12: Bãi phế liệu của ông Nguyễn Văn Trung, Số nhà 1263, đường Mỹ Phước Tân Vạn, khu phố Phú Mỹ 1, phường Bình Dương, Thành phố Hồ Chí Minh | D12: Chập điện | E12: Không
C13: số 41/12, đường Lê Hồng Phong, phường Phú Lợi, Thành phố Hồ Chí Minh | D13: Chập điện | E13: Không
A14: 10 | B14: 46022 | C14: Đường Mỹ Phước Tân Vạn, khu phố 1A, phường An Phú, Thành phố Hồ Chí Minh | D14: Cháy cỏ | E14: Không | F14: Thiếu tá Lê Minh Thành
A15: 11 | B15: 46026 | C15: Đường Thuận Giao 25, khu phố Bình Thuận 2, phường Thuận Giao, Thành phố Hồ Chí Minh | D15: Cháy cỏ | E15: Không | F15: Thiếu tá Nguyễn Lâm Vũ
C16: Đường X3, khu phố 3, phường An Phú, Thành phố Hồ Chí Minh | D16: Cháy cỏ | E16: Không
A17: 12 | B17: 46029 | C17: Cháy bồn hút bụi, Chi nhánh Công ty TNHH Trường Linh Phát, địa chỉ: số 1/57 khu phố Bình Thuận 2, phường Thuận Giao, Thành phố Hồ Chí Minh | D17: Ma sát tạo tia lửa | E17: Không | F17: Trung tá Nguyễn Ngọc Yến | G17: 11 giờ 14 phút
C18: Khu phố 1B, phường An Phú, Thành phố Hồ Chí Minh. | D18: Cháy cỏ | E18: Không | G18: 15 giờ 30
A19: 13 | B19: 46030 | C19: T19/6M khu phố Bình Thuận 2, đường Thuận Giao 25, phường Thuận Giao, Thành phố Hồ Chí Minh | D19: Cháy rác | E19: Không | G19: 23 giờ 26 phút
A20: 14 | B20: 46034 | C20: đường Đại lộ Bình Dương, phường Phú Lợi, Thành phố Hồ Chí Minh | D20: Cháy cỏ | E20: Không | F20: Thiếu tá Lê Minh Thành | G20: 23 giờ 26 phút
A21: 15 | B21: 46035 | C21: đường Võ Văn Kiệt, phường Bình Dương, Thành phố Hồ Chí Minh | D21: Cháy cỏ | E21: Không | F21: Trung tá Nguyễn Ngọc Yến | G21: 17 giờ 15 phút
C22: 401 Đường CMT8, P. Thủ Dầu Một, Thành phố Hồ Chí Minh | D22: Chập điện | E22: Không | G22: 20 giờ 08 phút
A23: 16 | B23: 46039 | C23: Sân Golf Sông bé, đường Nguyễn Hữu Cảnh, Khu phố Bình Hòa, P. Lái Thiêu. TP. HCM | D23: Cháy điện | E23: Không | F23: Thiếu tá Tô Ngọc Thanh | G23: 08 giờ 04 phút
E24: Không
C25: Đường Thuận Giao 05, Kp. Bình Thuận, P. Thuận Giao, TP. HCM | D25: Cháy điện | E25: Không | G25: 15 giờ 50 phút
A26: 17 | B26: 46040 | C26: đường Trần Vân Ơn, phường Phú Lợi, TP Hồ Chí Minh | D26: Cháy cỏ | E26: Không | F26: Thiếu tá Lê Minh Thành | G26: 15 giờ 54 phút
A27: 18 | B27: 46041 | C27: đường Bùi Ngọc Thu, phường Chánh Hiệp, TP Hồ Chí Minh | D27: Cháy cỏ | E27: Không | G27: 06 giờ 15 phút
A28: 19 | B28: 46041 | C28: Thuận Giao 25, phường Thuận Giao, thành phố Hồ Chí Minh | D28: Cháy cỏ | E28: Không | F28: Trung tá Nguyễn Ngọc Yến | G28: 16 giờ 02 phút
A29: 20 | B29: 46043 | C29: 52/DC1, tổ 34, khu phố Bình Phước B, phường An Phú, Thành phố Hồ Chí Minh | D29: Cháy điện | E29: Không | F29: Thiếu tá Hoàng Duy Nam | G29: 11 giờ 00 phút
C30: Đường Mỹ Phước – Tân Vạn, Khu phố Bình Phú, phường Thuận Giao, Thành phố Hồ Chí Minh | D30: Cháy cỏ | E30: Không | G30: 20 giờ 50 phút
A31: 21 | B31: 46044 | C31: hẻm 269 đường Nguyễn Thị Minh Khai, khu phố 9, Phường Phú Lợi, Thành phố Hồ Chí Minh | D31: Cháy cỏ | E31: Không | F31: Thiếu tá Nguyễn Lâm Vũ | G31: 11 giờ 26 phút
B32: 46045 | C32: số 44 Nguyễn Văn Trỗi, phường Phú Lợi, Thành phố Hồ Chí Minh (địa bàn Đội KV30 quản lý) | D32: Cháy cỏ | E32: Không | G32: 04 giờ 28 phút
A33: 22 | B33: 46045 | C33: đường Thuận Giao 25, phường Thuận Giao, Thành phố Hồ Chí Minh | D33: Cháy cỏ | E33: Không | F33: Thiếu tá Lê Minh Thành | G33: 17 giờ 52 phút
C34: số 333, đường Thuận Giao 16, Khu phố Bình Thuận 2, phường Thuận Giao, Thành phố Hồ Chí Minh | D34: Cháy cỏ | E34: Không | G34: 19 giờ 30 phút | H34: Kh tham gia
A35: 23 | B35: 46046 | C35: đường Võ Văn Kiệt, khu phố Hòa Phú, phường Bình Dương, Thành phố Hồ Chí Minh | D35: Cháy cỏ | E35: Không | F35: Thiếu tá Tô Ngọc Thanh | G35: 10 giờ 20 phút
B36: 46047 | C36: 120/14 đường Huỳnh Văn Lũy, phường Bình Dương, Thành phố Hồ Chí Minh | D36: Cháy điện | E36: Không | G36: 01 giờ 10 phút
A37: 24 | B37: 46047 | C37: 132/78 đường Nguyễn Văn Lộng, phường Chánh Hiệp, Thành phố Hồ Chí Minh | D37: Cháy cỏ | E37: Không | F37: Trung tá Nguyễn Ngọc Yến | G37: 16 giờ 16 phút | H37: Kh tham gia
A38: 25 | B38: 46048 | C38: đường DX002, phường Bình Dương, Thành phố Hồ Chí Minh | D38: Cháy cỏ | E38: Không | F38: Thiếu tá Nguyễn Lâm Vũ | G38: 13 giờ 50 phút
C39: cuối hẻm 269, đường Nguyễn Thị Minh Khai, phường Phú Lợi, Thành phố Hồ Chí Minh | D39: Cháy cỏ | E39: Không | G39: 19 giờ 46 phút
A40: 26 | B40: 46050 | C40: Đường Mỹ Phước – Tân Vạn thuộc khu phố 1A, phường An Phú, Thành phố Hồ Chí Minh | D40: Cháy cỏ | E40: Không | F40: Thiếu tá Hoàng Duy Nam | G40: 09 giờ 50 phút
C41: Bùi Hữu Nghĩa thuộc khu phố Bình Đáng, phường Bình Hòa, Thành phố Hồ Chí Minh | D41: Cháy cỏ | E41: Không | G41: 13 giờ 35 phút
A42: 27 | B42: 46052 | C42: đường Mỹ Phước Tân Vạn, phường Bình Dương, Thành phố Hồ Chí Minh | D42: Cháy cỏ | E42: Không | F42: Thiếu tá Lê Minh Thành | G42: 01 giờ 30 phút
A43: 28 | B43: 46052 | C43: đường Đại lộ Bình Dương, phường Phú Lợi, Thành phố Hồ Chí Minh | D43: Ô tô bốc khói | E43: Không | F43: Trung tá Nguyễn Ngọc Yến | G43: 10 giờ 20 phút
C44: đường X03, khu phố 3, phường An Phú, Thành phố Hồ Chí Minh | D44: Cháy cỏ | E44: Không | G44: 10 giờ 40 phút
A45: 29 | B45: 46053 | C45: số 31/2, khu phố Bình Quới A, phường Thuận Giao, Thành phố Hồ Chí Minh | D45: Cháy xe tải | E45: Không | F45: Thiếu tá Tô Ngọc Thanh | G45: 11 giờ 43 phút
C46: đường Mỹ Phước Tân Vạn, phường Bình Dương, Thành phố Hồ Chí Minh | D46: Cháy cỏ | E46: Không | G46: 18 giờ 10 phút
C47: đường Điện Biên Phủ, KCN Kim Huy, phường Bình Dương, Thành phố Hồ Chí Minh | D47: Cháy cỏ | E47: Không | G47: 20 giờ 44 phút
A48: 30 | B48: 46054 | C48: đường Bình Chuẩn 12, khu phố Bình Quới B, phường Thuận Giao, Thành phố Hồ Chí Minh | D48: Cháy cỏ | E48: Không | G48: 00 giờ 03 phút
C49: số 535 đường Lê Hồng Phong, phường Phú Lợi, Thành phố Hồ Chí Minh | D49: Cháy cỏ | E49: Không | H49: Kh tham gia
A50: 31 | B50: 46055 | C50: đường Nguyễn Văn Lộng, Phường Chánh Hiệp, Thành phố Hồ Chí Minh | D50: Cháy cỏ | E50: Không | F50: Đại uý Nguyễn Nguyên Anh
C51: đường Bình Chuẩn 61, Khu phố Bình Phước B, phường An Phú, Thành phố Hồ Chí Minh | D51: Cháy cỏ | E51: Không
A52: 32 | B52: 46056 | C52: số 325, đường Nguyễn Văn Trỗi, phường Phú Lợi, thành phố Hồ Chí Minh | D52: Cháy cỏ | E52: Không | F52: Thiếu tá Lê Minh Thành | H52: Kh tham gia
C53: đường Hùng Vương, phường Bình Dương, thành phố Hồ Chí Minh | D53: Cháy cỏ | E53: Không
A54: 33 | B54: 46057 | C54: hẻm 276, đường Phạm Ngọc Thạch, phường Phú Lợi, thành phố Hồ Chí Minh | D54: Cháy điện | E54: Không | F54: Thiếu tá Hoàng Duy Nam
C55: đường Lê Hồng Phong nối dài, phường Chánh Hiệp, thành phố Hồ Chí Minh | D55: Cháy cỏ | E55: Không
C56: Mỹ Phước Tân Vạn, phường Phú Lợi, thành phố Hồ Chí Minh | D56: Cháy cỏ | E56: Không
A57: 34 | B57: 46058 | C57: Số 18/2, Khu phố Đông Nhì, phường Lái Thiêu, Thành phố Hồ Chí Minh | D57: Cháy nhà | E57: Không | H57: Kh tham gia
A58: 35 | B58: 46059 | C58: đường Mỹ Phước Tân Vạn, phường Phú Lợi, Thành phố Hồ Chí Minh | D58: Cháy cỏ | E58: Không | F58: Thiếu tá Nguyễn Lâm Vũ
C59: đường DX33, phường Bình Dương, Thành phố Hồ Chí Minh | D59: Cháy cỏ | E59: Không
A60: 36 | B60: 46060 | C60: Tổ 30, khu phố Bình Phước B, phường An Phú, thành phố Hồ Chí Minh | D60: Cháy bồn hút bụi | E60: Không | F60: Đại uý Nguyễn Nguyên Anh | H60: Kh tham gia
A61: 37 | B61: 46061 | C61: đường Thủ Khoa Huân, khu phố Bình Phú, phường Thuận Giao, Thành phố Hồ Chí Minh | D61: Cháy cỏ | E61: Không | F61: Thiếu tá Tô Ngọc Thanh
A62: 38 | B62: 46062 | C62: đường Chòm Sao, khu phố Bình Giao, phường Thuận Giao, Thành phố Hồ Chí Minh | D62: Cháy cỏ | E62: Không | F62: Thiếu tá Hoàng Duy Nam
A63: 39 | B63: 46063 | C63: đường Phạm Ngũ Lão, phường Thủ Dầu Một, Thành phố Hồ Chí Minh | D63: Cháy cỏ | E63: Không
A64: 40 | B64: 46067 | C64: đường ĐX076, khu phố Định Hòa 3, phường Chánh Hiệp, Thành phố Hồ Chí Minh | D64: Cháy cỏ | E64: Không | F64: Đại uý Nguyễn Nguyên Anh
C65: Số 124/5, khu phố 4, phường An Phú, Thành phố Hồ Chí Minh | D65: Cháy bồn hút bụi | E65: Không
C66: đường An Phú 18, Khu phố 1B, phường An Phú, Thành phố Hồ Chí Minh | D66: Cháy cỏ | E66: Không
A67: 41 | B67: 46068 | C67: đường ĐX002, khu phố Phú Mỹ 8, phường Bình Dương, Thành phố Hồ Chí Minh | D67: Cháy bãi phế liệu | E67: Không | F67: Thiếu tá Hoàng Duy Nam
A68: 42 | B68: 46069 | C68: số 654, đường Đại lộ Bình Dương, phường Phú Lợi, Thành phố Hồ Chí Minh | D68: Cháy cành cây khô trên sân thượng | E68: Không | F68: Thiếu tá Lê Minh Thành | H68: Kh tham gia
A69: 43 | B69: 46071 | C69: 73 đường 30/4, phường Phú Lợi, Thành phố Hồ Chí Minh | D69: Cháy cỏ | E69: Không | F69: Trung tá Nguyễn Ngọc Yến | H69: Kh tham gia
A70: 44 | B70: 46072 | C70: đường Bình Nhâm 26, phường Lái Thiêu, Thành phố Hồ Chí Minh | D70: Cháy cỏ | E70: Không | H70: Kh tham gia
A72: 45 | B72: 46099 | C72: 857 Đường Đại lộ Bình Dương, Phường Chánh Hiệp, TP. Hồ Chí Minh | D72: Cháy cỏ | E72: Không | F72: Đại úy Nguyễn Nguyên Anh | H72: Kh tham gia
A73: 46 | B73: 46102 | C73: đường 30/4, khu phố Chánh Nghĩa 3, phường Thủ Dầu Một, Thành phố Hồ Chí Minh | D73: Cháy điện | E73: Không | F73: Thiếu tá Tô Ngọc Thanh | H73: Kh tham gia
A74: 47 | B74: 46103 | C74: Lô M1 - M3 đường Đồng Khởi, khu phố Hòa Phú 2, phường Bình Dương, Thành phố Hồ Chí Minh (Bên ngoài Cửa hàng Super Mart) | D74: Cháy giấy, rác | E74: Không | F74: Thiếu tá Nguyễn Lâm Vũ | H74: Kh tham gia
A75: 48 | B75: 46105 | C75: đường DA8, khu phố Hòa Lân 2, Phường Thuận Giao, TP. Hồ Chí Minh | D75: Cháy cỏ | E75: Không | F75: Trung tá Nguyễn Ngọc Yến
A76: 49 | B76: 46107 | C76: Đường Thuận An Hòa, Khu phố 4, phường An Phú, Thành phố Hồ Chí Minh | D76: Cháy cỏ | E76: Không | F76: Đại úy Nguyễn Nguyên Anh
A77: 50 | B77: 46108 | C77: Đường Bình Chuẩn 59, Khu phố Bình Phú, phường Thuận Giao, Thành phố Hồ Chí Minh | D77: Cháy cỏ | E77: Không | F77: Thiếu tá Hoàng Duy Nam
A78: 51 | B78: 46109 | C78: đường Đại lộ Bình Dương (trước nhà văn hóa thiếu nhi Bình Dương), phường Thủ Dầu Một, Thành phố Hồ Chí Minh | D78: cháy điện | E78: Không | F78: Thiếu tá Tô Ngọc Thanh
A79: 52 | B79: 46109 | C79: Khu phố Hưng Phước, phường Thuận An, Thành phố Hồ Chí Minh | D79: Cháy cỏ | E79: Không | F79: Thiếu tá Tô Ngọc Thanh
A80: 53 | B80: 46109 | C80: số 15, đường D, khu phố Chánh Nghĩa 12, phường Thủ Dầu Một, Thành phố Hồ Chí Minh | D80: Cháy nhà dân | E80: Không | F80: Thiếu tá Tô Ngọc Thanh
A81: 54 | B81: 46109 | C81: anh Nguyễn Hữu Sơn sinh năm 1980, H4-32 khu dân cư Vĩnh Phú 1, phường Bình Hoà, thành phố Hồ Chí Minh | D81: Nạn nhân có biểu hiện tâm thần, khóa trái cửa nhốt 02 con, đánh đập và đuổi vợ ra khỏi nhà | E81: Không | F81: Thiếu tá Tô Ngọc Thanh
A82: 55 | B82: 46110 | C82: Số 849 đường Đại lộ Bình Dương, phường Chánh Hiệp, Thành phố Hồ Chí Minh | D82: Cháy cỏ | E82: Không | F82: Thiếu tá Lê Minh Thành
A83: 56 | B83: 46111 | C83: Thuận Giao 25, phường Thuận Giao, Thành phố Hồ Chí Minh | D83: Cháy cỏ | E83: Không | F83: Trung tá Nguyễn Ngọc Yến
A84: 57 | B84: 46112 | C84: đường Hưng Định 24 thuộc khu phố Hưng Lộc, phường Thuận An, Thành phố Hồ Chí Minh | D84: Cháy cỏ | E84: Không | F84: Đại úy Nguyễn Nguyên Anh
A85: 58 | B85: 46112 | C85: đường Đông Nhì thuộc khu phố Đông Nhì, phường Lái Thiêu, Thành phố Hồ Chí Minh | D85: Cháy điện | E85: Không | F85: Đại úy Nguyễn Nguyên Anh
A86: =A85+1 -> 59 | B86: 46114 | C86: số 666, Đường Đại lộ Bình Dương, khu phố Hiệp Thành 5, phường Phú Lợi, thành phố Hồ Chí Minh | D86: Cháy cỏ | E86: Không | F86: Thiếu tá Hoàng Duy Nam
A87: =A86+1 -> 60 | B87: 46114 | C87: hẻm 218, đường Thích Quảng Đức, khu phố Phú Cường 2, phường Thủ Dầu Một, thành phố Hồ Chí Minh | D87: Cháy cỏ | E87: Không | F87: Thiếu tá Hoàng Duy Nam
A88: =A87+1 -> 61 | B88: 46115 | C88: đường Bình Hòa 13 thuộc khu phố Bình Đáng, phường Bình Hòa, Thành phố Hồ Chí Minh | D88: Cháy cỏ | E88: Không | F88: Thiếu tá Lê Minh Thành
A89: =A88+1 -> 62 | B89: 46115 | C89: Khu phố Bình Thuận 1, phường Thuận Giao, Thành phố Hồ Chí Minh | D89: Cháy cỏ | E89: Không | F89: Thiếu tá Lê Minh Thành
A90: =A89+1 -> 63 | B90: 46116 | C90: khu đất trống kế bên số nhà 29 đường Đại lộ Bình Dương, khu phố Bình Hòa, phường Lái Thiêu, Thành phố Hồ Chí Minh | D90: Cháy bãi rác | E90: Không | F90: Thiếu tá Tô Ngọc Thanh
A91: =A90+1 -> 64 | B91: 46117 | C91: khu đất trống kế bên số nhà 29 đường Đại lộ Bình Dương, khu phố Bình Hòa, phường Lái Thiêu, Thành phố Hồ Chí Minh | D91: Cháy cỏ | E91: Không | F91: Thiếu tá Tô Ngọc Thanh
A92: =A91+1 -> 65 | B92: 46119 | C92: đường Nguyễn Chí Thanh, phường Chánh Hiệp, Thành phố Hồ Chí Minh | D92: Cháy cỏ | E92: Không | F92: Đại úy Nguyễn Nguyên Anh
A93: =A92+1 -> 66 | B93: 46120 | C93: đường Bình Chuẩn 32, phường An Phú, Thành phố Hồ Chí Minh | D93: Cháy cỏ | E93: Không | F93: Thiếu tá Hoàng Duy Nam
A94: =A93+1 -> 67 | B94: 46123 | C94: Đường Thuận Giao 02, phường Thuận Giao, thành phố Hồ Chí Minh | D94: Cháy cỏ | E94: Không | F94: Thiếu tá Tô Ngọc Thanh
A95: =A94+1 -> 68 | B95: 46123 | C95: quán cà phê sân vườn Hồng Hà, địa chỉ: đường Mỹ Phước - Tân Vạn, khu phố 4, phường An Phú, Thành phố Hồ Chí Minh | D95: Cháy quán cafe | E95: Không | F95: Thiếu tá Tô Ngọc Thanh
A96: =A95+1 -> 69 | B96: 46124 | C96: đường Bình Chuẩn 61, kp Bình Phước B, phường An Phú, Thành phố Hồ Chí Minh | D96: Cháy cỏ | E96: Không | F96: Thiếu tá Nguyễn Lâm Vũ
A97: =A96+1 -> 70 | B97: 46124 | C97: Đại lộ Bình Dương (Quốc lộ 13) thuộc phường Chánh Hiệp, Thành phố Hồ Chí Minh | D97: Cháy cỏ | E97: Không | F97: Thiếu tá Nguyễn Lâm Vũ
A98: =A97+1 -> 71 | B98: 46125 | C98: Khu dân cư Chánh Nghĩa, phường Thủ Dầu Một, tỉnh Bình Dương | D98: Cháy cỏ | E98: Không | F98: Đại úy Nguyễn Nguyên Anh

Sheet CNCH
A1: CỨU NẠN, CỨU HỘ
A2: STT | B2: Loại hình CNCH | C2: Ngày xảy ra sự cố | D2: Thời gian đến | E2: Địa điểm | F2: Địa chỉ | G2: Chỉ huy CNCH | H2: Thiệt hại về người | I2: Số người cứu được
A3: 1 | B3: Tai nạn mắc kẹt trong thiết bị | C3: 45976 | D3: 21 giờ 30 phút | E3: Công ty TNHH chế biến gỗ Minh Trí | F3: 47/1 khu phố Bình Phước B, phường An Phú, Thành phố Hồ Chí Minh | G3: Thiếu tá Nguyễn Lâm Vũ | H3: 0 | I3: 1
A4: 2 | B4: Tai nạn mắc kẹt trong thiết bị | C4: 46003 | F4: Đường Vĩnh Phú 38, khu phố Tây, Phường Lái Thiêu, Thành phố Hồ Chí Minh | G4: Thiếu tá Lê Minh Thành | H4: 0 | I4: 1
A5: 3 | B5: Tai nạn mắc kẹt trong phương tiện giao thông | C5: 46016 | D5: 03 giờ 24 | E5: Xe bồn BKS 50H-101.42 | F5: đường Bình Chuẩn 62, khu phố Bình Phước B, Phường An Phú, Thành phố Hồ Chí Minh | G5: Thiếu tá Hoàng Duy Nam | H5: 0 | I5: 1
A6: 4 | B6: Đuối nước | C6: 45665 | E6: Bến Bạch Đằng | F6: Sông Sài Gòn, phường Thủ Dầu Một, Thành phố Hồ Chí Minh | G6: Thiếu tá Nguyễn Lâm Vũ | H6: 1 | I6: 0
A7: 5 | B7: Đối tượng có dấu hiệu không tỉnh táo | C7: 46042 | D7: 21 giờ 08 phút | F7: khu phố Bình Phước B, phường An Phú, Thành phố Hồ Chí Minh | G7: Đại uý Nguyễn Nguyên Anh | H7: 0 | I7: 1
A8: 6 | B8: Đuối nước | C8: 46083 | D8: 05 giờ 40 phút | E8: Sông SG | F8: Sông Sài Gòn, phường Thủ Dầu Một, Thành phố Hồ Chí Minh | G8: Trung tá Nguyễn Ngọc Yến | H8: 1 | I8: 0
A9: 7 | B9: Nhảy cầu | C9: 46084 | D9: 06 giờ 15 phút | E9: Cầu Phú Long | F9: Sông Sài Gòn, phường Thủ Dầu Một, Thành phố Hồ Chí Minh | G9: Thiếu tá Nguyễn Lâm Vũ | H9: 0 | I9: 1
A10: 8 | B10: Nhảy sông | C10: 46101 | D10: 16 giờ 33 phút | E10: Sông SG | F10: Bờ sông Sài Gòn, phường Chánh Hiệp, Thành phố Hồ Chí Minh | G10: Đại uý Nguyễn Nguyên Anh | H10: 0 | I10: 0
A11: 9 | B11: Nhảy sông | C11: 46121 | D11: 22 giờ 36 phút | E11: Cầu Phú Cường | F11: Cầu Phú Cường, phường Thủ Dầu Một, Thành phố Hồ Chí Minh | G11: Thiếu tá Lê Minh Thành | H11: 0 | I11: 1

Sheet CHI VIỆN
A1: VỤ CHÁY CHI VIỆN
A2: STT | B2: VỤ CHÁY NGÀY | C2: ĐỊA ĐIỂM | D2: KHU VỰC QUẢN LÝ | E2: SỐ LƯỢNG XE | F2: THỜI GIAN ĐI | G2: THỜI GIAN VỀ | H2: CHỈ HUY CHỮA CHÁY | I2: GHI CHÚ
A3: 1 | B3: 45995 | C3: Số 23/8A khu phố Tân Phước, phường Tân Đông Hiệp, thành phố Hồ Chí Minh | D3: Đội CC&CNCH KV33 | E3: 2 | F3: 02 giờ 48 phút | H3: Thiếu tá Lê Minh Thành
A4: 2 | B4: 46013 | C4: Ngã 4, đường Vĩnh Lợi, khu phố Ông Đông, phường Tân Hiệp, Thành phố Hồ Chí Minh | D4: Đội CC&CNCH KV32 | E4: 1 | F4: 21 giờ 04 phút
A5: 3 | B5: 46027 | C5: Thửa đất 1686, tờ bản đồ C2.5, tổ 15, Trần Quang Diệu, khu phố Tân Phước, phường Tân Đông Hiệp, Thành phố Hồ Chí Minh. | D5: Đội CC&CNCH KV33 | E5: 2 | F5: 09 giờ 35 phút | H5: Thiếu tá Hoàng Duy Nam
A6: 4 | B6: 46055 | C6: đường 43, Phường Tân Khánh, Thành phố Hồ Chí Minh | D6: Đội CC&CNCH KV32 | E6: 2
A7: 5 | B7: 46112 | C7: vụ cháy xảy tại đầu kéo xe Container, Biển kiểm soát 29H-059.19; địa chỉ: đường Lê Hồng Phong, khu phố Tân Phước, phường Tân Đông Hiệp, Thành phố Hồ Chí Minh | D7: Đội CC&CNCH KV33 | E7: 2 | F7: 02 giờ 55 phút | H7: Trung tá Nguyễn Ngọc Yến
A8: =A7+1 -> 6 | B8: 46121 | C8: vụ cháy Công ty TNHH HUIFENG TECHNOLOGY, địa chỉ: Thử đất số 215, tờ bản đồ số 42, khu phố An Sơn, phường Long Nguyên, thành phố Hồ Chí Minh | D8: Đội CC&CNCH KV31 | E8: 2 | F8: 20 giờ 29 phút | H8: Thiếu tá Lê Minh Thành
